well_id,fold,rows,prediction_sse,prediction_rmse,baseline_sse,baseline_rmse,prediction_wins
000d7d20,3,3836,510342.9883642086,11.534314181619324,213161.56030002818,7.454442102844319,False
00bbac68,1,6014,1306962.851530636,14.741779464421006,1401026.041700022,15.263052288602681,True
00e12e8b,3,4301,182928.8261475694,6.521632953792831,270098.9717000084,7.92458894231589,True
015fe0d2,4,4296,1603676.0850468155,19.32084827546459,2303295.742199914,23.154889673287215,True
01869cd4,3,5557,420929.94041984197,8.703315165780456,626576.8553999825,10.618593023436276,True
01982c1d,3,3941,154814.72304528666,6.267623679148838,158137.36869999464,6.33452473981023,True
028d7b28,0,6234,2276248.516788917,19.108493060003678,340784.081499998,7.393605105422137,False
02e7fe5a,2,5108,667617.2445952925,11.432424150836193,361659.8211000381,8.414429717261077,False
0390d174,3,4411,400371.4266862158,9.527150129554554,320002.1529999825,8.517417217402954,False
03a935ae,4,2786,4022151.8378634993,37.996069609445044,3423484.1721999906,35.05448621305352,False
044af7d1,3,4519,253327.4477743869,7.487208946168256,440060.75439996406,9.868136513863366,True
0498acab,0,4798,182503.2257552637,6.1674430895866115,172505.77320002805,5.996139045372776,False
052d64df,1,2445,149883.41494080675,7.8295600260001175,133753.32189999666,7.3962717049147795,False
05948241,0,3879,70789.39074940523,4.271930686348688,96810.98729998426,4.995769989509691,True
059c8f24,3,6258,563568.5086207663,9.489767652371672,745174.8376998632,10.912174729109239,True
05a0ee4d,1,4348,1176290.519535005,16.447978540025186,1463224.9323999838,18.344706956532814,True
060ab2b8,2,6258,292032.9577353423,6.831218145011438,512354.6856999987,9.048312196834127,True
06df5958,1,3509,61178.970191406515,4.175508739996888,33471.45909999424,3.0884860085517194,False
071d7b45,3,3211,707969.0632032643,14.848650575685294,940663.580699953,17.11579247751261,True
0849b4e2,1,5537,2167936.184141353,19.787274804810163,1175021.7229999802,14.567522114617379,False
084d66f9,2,3885,1256234.3007162544,17.982075307355274,444215.20669994364,10.693040191903986,False
08fecf00,1,5574,802360.9944732003,11.997794577217734,126283.21250000439,4.759806836739511,False
09053135,0,5907,758583.5205015745,11.33230400304961,1038857.0287001376,13.261553626472297,True
09441b8d,2,5488,1177829.3028367334,14.649881981165821,1394247.13380008,15.9390645279074,True
0955cd6c,2,5195,1346336.1052874343,16.098446563830773,334401.85399994365,8.023088122545198,False
09ec2ca9,2,5885,260396.1156461223,6.651874045492601,221343.34890001288,6.13281698431714,False
0a57a29c,2,5821,93016.88574594937,3.9974413253077734,281389.298500032,6.952723985070934,True
0bbf5e67,2,4298,1394207.3512065676,18.01069528180044,1451514.2024998572,18.377119492009776,True
0be01c24,4,4738,161633.70495939552,5.8407475538712585,324309.65619996784,8.273369324203173,True
0c1b160c,0,5054,256040.17978289322,7.117646960577639,359356.04299995047,8.432276859497074,True
0d99f8e4,4,5823,304851.35390408,7.235535339393905,508334.09279999917,9.343320012239094,True
0dc5e64d,0,4879,1015366.4073103444,14.426001945787105,1582345.974200055,18.008822359134772,True
0dc835f3,3,4428,374127.2019756166,9.191911554470432,231450.24929999467,7.2297789729208715,False
0dd99dc5,0,7342,752785.2737962558,10.125777200086056,497854.90640003316,8.234632190411654,False
0e5e560d,4,3253,143085.66286186548,6.632175779315731,344702.18510000076,10.293900986020363,True
109d9d70,4,4215,1149403.7829270924,16.513438812976393,370153.7543999929,9.371137061320914,False
10a1281a,1,5609,120747.34885163567,4.639766042271584,72337.09419999164,3.5911852573850855,False
10b89021,4,5414,797861.1876345344,12.139604664491621,1173309.6033999855,14.721334704881999,True
10be2420,0,3271,40624.234778193764,3.5241332793885425,575084.5323999214,13.259451874685324,True
113011eb,0,3272,138373.68754672603,6.503095171165351,87724.80140000148,5.177910618587731,False
1131525f,1,4159,751832.104486539,13.445159952819381,895074.0194999771,14.670165574890584,True
11d0f5ac,0,4883,1320129.2493880342,16.4423869542856,2399865.8765999833,22.169205194123972,True
12203f2a,1,3261,102417.17556767643,5.604166090833779,617638.1921999756,13.762320645487467,True
122bd617,0,4570,325316.8796171171,8.437138900510211,622400.369699997,11.670160284769418,True
125be846,4,6510,843631.8978651038,11.383767095381476,2213950.0590000013,18.441379950265283,True
1285a37b,1,5597,684867.6128453317,11.061796409140427,172346.77079995122,5.549117512133954,False
1295a25b,1,5551,500711.6817167579,9.49747694943813,524104.4360999823,9.716800903498608,True
12f0cd90,1,5947,1478116.7355132103,15.765414654512647,370685.8453000008,7.895034499573364,False
137d1e44,4,4554,5723584.089137798,35.45173715568374,2848566.7522000317,25.010172511867026,False
13ce113d,3,2966,40556.128280329234,3.6977936360608132,33905.114600001674,3.381014512965784,False
13f598d9,0,7306,861772.0685684546,10.860663874166905,1681009.1951999064,15.16858992587756,True
14a53cb3,0,6919,405463.09062893444,7.655155163829151,553934.193499999,8.94761773897247,True
14ab73fb,2,3649,1627625.6731397072,21.119825913733113,801347.007500068,14.81915286795364,False
14ad5efb,1,5842,526480.1868846676,9.493147737637829,231758.8987999945,6.298504340917485,False
14fee784,0,4910,2190445.9116854332,21.121537119304683,2252749.795300072,21.419815878785553,True
153552f5,0,4695,186818.3405557428,6.308003951836765,125077.06239997773,5.161441840641978,False
1550491d,4,4563,888316.2874356166,13.952710334223475,2044445.320900104,21.167156242041475,True
155887bb,3,5585,358320.52627928637,8.009847635058126,776774.3675998595,11.793313793912793,True
1590af81,0,3799,213376.9772206686,7.4944390583507765,117478.25199999259,5.560887269871239,False
15e154a1,3,6068,608687.6293190124,10.015541888528327,3273501.5383999017,23.22648490243106,True
1619e2ca,3,4443,125910.72039880962,5.323450225603797,271166.40310002316,7.812315673810556,True
16e4a047,2,4131,1262919.1856309983,17.48478043189658,474321.2035999984,10.715407020528387,False
173ed841,1,4883,972268.0538994495,14.110735328292053,1509211.2462000288,17.58051747694951,True
1770d7c6,0,7240,881674.554649912,11.035318455064356,1101198.0593000806,12.332849608315879,True
177622d7,1,3154,500654.5386538834,12.59906261490187,302931.7724999666,9.800349606500166,False
18d24f7b,2,4558,301862.1082907157,8.137989778911402,258447.93780000825,7.530076271970659,False
19137a89,4,6267,1460082.2384264932,15.263664502119681,2057653.729599862,18.119920942456794,True
1944513c,4,4722,185662.00545129762,6.27044737325477,155510.1091000107,5.738736995920461,False
197f8a5a,1,6310,1279871.273453155,14.241917514624513,3823390.0059999274,24.61555435098563,True
19871e7f,1,5293,326198.6492567356,7.850370108239338,151718.72259999608,5.353880109906093,False
198a5607,3,6251,544296.6006709412,9.331319539242863,618224.2982000187,9.944851115115334,True
19fb4f7b,1,5620,489640.83016443695,9.334061435207845,691178.2170999651,11.089880426882702,True
1a518997,3,4606,849737.247509762,13.582520243606854,533341.0858000905,10.76070073803029,False
1a68190b,4,4474,317170.86322595796,8.419739446310354,1208001.9697999796,16.431826147748733,True
1a730ac2,0,4605,1295410.5964408896,16.77215647044325,1231080.4559000134,16.350400725581075,False
1aaf1da0,1,4804,497778.66300419066,10.179270119990266,414444.19379989564,9.288199403984146,False
1b08ed48,3,5618,1262446.0447934635,14.990480216298877,787361.948899942,11.838490879530399,False
1b1c5372,3,4261,2091073.812472684,22.15281468394453,1355122.6783000142,17.833374900392585,False
1b1eba53,2,4655,19448287.038973592,64.63694699684335,23228083.403200306,70.63937461968057,True
1b6ba517,2,6597,913602.4461166686,11.7680738415329,403244.9198999475,7.818279827064867,False
1b82b665,3,3806,217226.66367227197,7.554786125223163,141927.62720000846,6.106594455886377,False
1bcb2fcf,2,4524,104587.70294374623,4.8081611411875125,174250.7156999887,6.2062031463179,True
1beca81d,2,5036,688188.146568031,11.689898310572392,334895.3758999607,8.154769966888065,False
1d3fbf02,2,2694,82757.68917206454,5.542495919180219,93980.8191999839,5.906372283901897,True
1d78281a,4,4949,301960.2632397969,7.811171456516298,698620.6686999481,11.881246003992382,True
1e30dedf,4,4071,227740.89537838864,7.479455122277147,599691.7099000127,12.137059232129838,True
1e5e3573,2,5480,568407.2866792141,10.184495933683428,778863.3129000705,11.921759172625736,True
1f9afacb,1,5328,21505.656345281946,2.0090661790125326,33792.09190000432,2.518404175433652,True
1fdbba44,2,4911,421418.9510876902,9.26343511412259,167224.3625999826,5.835321753197851,False
1fee2b62,4,4641,502028.26802131895,10.400597790210613,317502.31800001697,8.271183690259376,False
20096916,0,5133,140919.1498160996,5.239614979246298,561303.7489999586,10.457150039432173,True
200d233d,4,3926,519492.92866215773,11.503094100387216,640849.4313000848,12.776233899276743,True
201661b5,0,5955,375244.26917148574,7.9380924260057295,912110.8090000395,12.376074593108253,True
203721ab,1,5730,268014.37828327523,6.8391438066144215,577258.2439999592,10.037088673521446,True
20402d71,2,6372,4220654.866226589,25.73665118874156,866587.2249999039,11.661871660575386,False
2043abc5,2,6958,853800.476112134,11.0773527092768,2265345.3406996895,18.043675019417094,True
204cc64b,1,4805,412189.61549035547,9.261937095991593,178494.0411999963,6.09488008126444,False
206b6193,3,6535,5709448.7259115875,29.557948804905564,8710547.409699634,36.50899923584182,True
2075c696,1,3188,394463.77708135126,11.123575530606894,1528840.468599974,21.898881254260402,True
22c5f93f,0,5172,432444.16600304877,9.14399043628167,260076.9984000081,7.091232323797548,False
230eaaa3,1,4690,1964096.3536203124,20.46420950606096,3007450.510600014,25.322864048616943,True
2364716c,1,4316,631304.040191138,12.09423954853906,1669560.814700099,19.668009235301668,True
23b9beb0,0,7340,311141.79525986547,6.510751904532954,221983.63150000683,5.499363741994015,False
24d8997e,3,3442,76412.99219224002,4.711705853390953,109469.33920000905,5.6395027824068205,True
25050f63,3,6124,6480998.313474687,32.53144565614257,8841477.046200395,37.996607342363916,True
25939962,3,4319,397088.2445916509,9.588527390135576,532111.5761000003,11.099661933822553,True
25fd32b3,4,2885,14136.39415671645,2.2135860752528607,29140.613800008778,3.1781649872704114,True
261785ee,0,3646,1151484.764572852,17.771364145473417,2027053.989300222,23.57894263400833,True
264feceb,1,5665,382224.60667797166,8.21408824292045,668545.554700017,10.863394363873287,True
26623a50,2,5735,327984.73179934756,7.56240796725367,2694428.9495000867,21.675376849132046,True
26d3a96a,1,4721,1015508.1659276299,14.666439996634647,387815.369199916,9.063491001698889,False
272abef3,3,4135,558666.4354238457,11.623543170916248,415405.66280002095,10.023016592838678,False
27300fd5,1,5467,538007.1665817281,9.920178652627266,1653208.961300014,17.389589831741016,True
276b012a,3,4837,2581659.9208692135,23.102632652813494,3548842.607399881,27.08665184488836,True
27c3155b,0,4958,11218357.672922196,47.567615349486964,1626238.9208000475,18.11085336032788,False
27ebb9b9,1,5766,269163.40312395967,6.832359131980136,575243.8351000191,9.988233062217338,True
283269ac,1,2626,213195.76948850584,9.010355586888501,3270.271200001702,1.1159494538507433,False
28473855,0,4290,75670.97346473894,4.199871611555786,88677.23619999908,4.546502439117813,True
28f4eda9,3,5266,589608.8468421322,10.581361901068178,778535.440900094,12.159025419229918,True
29b24409,0,5587,750956.9571963788,11.593596650732287,1057340.5060998027,13.756821410921399,True
29de15c8,0,3431,215232.936817638,7.920343312409446,72151.17269999931,4.5857601721794286,False
2ab29395,2,1852,17499.470369290702,3.07391575726635,11202.606600000228,2.45945596628769,False
2ac7cb6b,3,4990,2139881.2496929127,20.708305526385562,1916233.3998999437,19.596293256603055,False
2acc78d4,2,4266,471235.23526234715,10.510138824544255,792086.4101999676,13.626234402591441,True
2b034622,2,5203,320749.4954434888,7.851562244773062,240984.65889996744,6.805621396093291,False
2b06ad65,0,4256,35604.85889238861,2.892369843429698,32101.244099995372,2.7463768040476424,False
2b547943,2,3480,68519.50061956722,4.437286521320145,521489.3898999556,12.241457142013665,True
2be5c96a,1,4210,346406.1792768159,9.070928993071407,56452.77559999766,3.6618588662445717,False
2bff06cf,0,7624,12253306.027641874,40.08992061603821,6161319.0550003955,28.427941006681795,False
2c0c4a4e,2,4790,159063.08892166856,5.7625797567908315,310090.9651999648,8.04594018660484,True
2cee0cba,4,5500,541733.7231007193,9.92456752527621,625598.7540000372,10.665140786694133,True
2d0c268a,2,4550,815486.6886046797,13.387600369348501,1006730.3211000812,14.874791132341558,True
2d179ded,3,7008,1089466.4364440946,12.468375729348624,420891.30999997846,7.749754286132607,False
2d196986,0,6474,986584.4040256047,12.344706684910951,930907.4142998818,11.991317360702503,False
2d2d0c6b,1,5045,303544.0793479354,7.756758993218572,46806.41409999035,3.045945300727323,False
2d35f86d,2,4896,928686.2131384234,13.772532140909687,615931.8316999953,11.216196779664774,False
2d9f6cb9,0,7338,997124.95516522,11.6569769859501,720462.8610999562,9.908706063856238,False
2ddad940,1,5331,368801.7366628563,8.317487128534909,311642.31150001974,7.645816438023014,False
2e29e833,1,5428,202831.87300867005,6.1129125237156385,100721.23119999922,4.3076518266215045,False
2e43c2ea,3,5698,135571.91596807097,4.8777961258432585,319436.1983999788,7.487396669090343,True
2e63d9de,2,4699,710110.5955251064,12.293067714694867,891496.8474999957,13.77390817425645,True
2ee0235b,1,5556,90707.6336811853,4.040552929634158,257132.67569996038,6.80295371229703,True
2f19d536,3,3088,151243.122994782,6.998406623677346,131900.97520002013,6.535598394413745,False
2f8e53c3,3,2594,33355.02794077294,3.585879310861366,28129.886299993283,3.293055138227308,False
2fa01aa6,3,2174,1089558.127311986,22.3869759345887,766533.893400001,18.77741961251621,False
2fd68f7b,3,4730,13282177.03583758,52.99123752974589,17450701.84590049,60.74015262396321,True
2fe023be,0,4221,787076.6567975583,13.65528724162047,703431.0126999489,12.90931147808348,False
30d75030,3,3404,412730.84541344503,11.011302352522243,1054341.4039999826,17.599318669377997,True
310c71a5,4,5245,379627.50859331863,8.50758096963378,410180.99380004295,8.843313479056066,True
32fe84c9,2,6408,7011483.970272919,33.078341094184495,3172594.896700016,22.250821979444407,False
33c40295,2,4169,801505.2298365107,13.865554195509077,315608.9038000178,8.700789781165115,False
3407f5bf,4,3638,1916275.0824866858,22.950786812372044,1649576.300399912,21.29388267466182,False
3417285d,4,5449,3497123.8566650813,25.333611312149753,6456374.637799917,34.42198868150785,True
347242c8,1,3595,57417.823014651236,3.9964456744850443,18070.868599999027,2.242023016039388,False
353e5502,4,6062,227835.16871664324,6.1305920172358,192786.074900013,5.639360585146688,False
357c12f9,2,4079,85622.08017337389,4.5815880221224035,129035.53440001697,5.624420852755269,True
3584a6eb,3,4494,447298.1724833192,9.976587774552305,372828.81650002254,9.108318362664079,False
35b30c7f,3,9579,3973596.3761238465,20.36722160871348,3513417.411000219,19.15158789297762,False
35b3ef6a,0,3904,1558664.5947435205,19.981193737156005,2648325.2823002697,26.045383636758544,True
367456ce,1,5569,567729.2316952564,10.096759672286785,887277.6045000115,12.622377103894497,True
368131f9,2,4991,1900016.2616882005,19.51124013543375,2175069.429799989,20.875783169531438,True
368fe682,1,4936,738431.2405011288,12.23115459501404,950736.9625999265,13.878502686940966,True
3690a146,3,4073,475323.00847470044,10.802821835329324,207067.7841000022,7.130156510792888,False
37344c2a,1,5197,906815.0542444779,13.209397287060888,910925.3524000633,13.239300394199656,True
373ef48b,1,3509,86462.27393721102,4.963884211238723,95145.98109999078,5.207191387759596,True
374be387,0,9965,342963.44034321106,5.8665835751548,449034.68119999266,6.712762639770746,True
37d36812,3,4367,1282990.9602839567,17.140370382120164,2086109.0063001139,21.856313079076383,True
38991fd4,3,4798,425509.91277656256,9.41726343032654,1060354.0541999314,14.86604108751415,True
389ae58f,1,6463,16242652.82133011,50.13158119057795,16004721.4057004,49.76304894845995,False
3932faa6,1,5452,861684.762982025,12.571765835326122,943917.2776999872,13.157974615537267,True
398dce4b,0,3166,148075.52489865097,6.838898924711244,65824.409400005,4.559718484677409,False
39b51819,4,4231,50996.40495781519,3.4717485909625134,42258.467399992325,3.160351282946552,False
3a0af893,4,2927,530623.3860020179,13.464239620145312,1022422.6241000681,18.6897660134781,True
3a223519,4,4583,1161472.9886957982,15.919507522778261,405054.03100001364,9.401162306681243,False
3a7dd95d,0,3072,1573156.6165571369,22.629521709164035,519998.09069999313,13.010388611275376,False
3a824aa7,3,4201,177600.244952855,6.501977158011826,136018.28240001417,5.690131490731758,False
3a86fe8d,1,5118,589759.3849016513,10.734635183224938,692805.7731998938,11.634711217695367,True
3aaa2b30,4,4711,620368.0925689552,11.475409021909137,1446081.6859999436,17.520232328990414,True
3ac16ad0,4,5649,208521.5732357017,6.075607493455601,445503.2973000086,8.880546118495223,True
3b21ea64,0,7376,754818.1363362126,10.116043991233273,516610.048200021,8.368949948322665,False
3bbe1f5d,3,6918,197336.35160060908,5.340885511930395,773322.8422999354,10.572803005133604,True
3bfee975,2,3603,1983723.0878617193,23.46434269817685,221491.25030000013,7.840543276658913,False
3c3dbcbc,0,5069,304584.7957069503,7.751628746012616,348655.98280000035,8.29349171896155,True
3d96d897,3,5659,115471.52963383861,4.517182245190872,73719.6735000103,3.6092906343486293,False
3df4b19e,4,4988,218746.26131040364,6.622273255419728,375157.9101000268,8.67249047497302,True
3e011332,2,2723,786310.4758908132,16.993123362264697,826450.3512999216,17.42146062278745,True
3e678ea7,3,6858,715033.5913999542,10.210910793937765,717697.2380001147,10.229911981746914,True
3ef6372a,1,4727,533502.3565084367,10.623689520929805,183432.05980000322,6.229379944022544,False
3ef98781,0,3892,592454.991390757,12.337900558142783,601708.4135000389,12.433878700657393,True
3f603129,1,5051,1970506.7412691382,19.751508874139578,4459090.58209986,29.712176284154232,True
404c4384,4,911,3787.887867485099,2.0391039624788716,11814.231599996774,3.6011694039210935,True
4121c517,0,3723,569316.6517414778,12.366033684213258,468953.1150000006,11.223238561279205,False
41fb0192,2,2973,134657.10053919797,6.730032707343245,37630.16080001541,3.5577103110362645,False
42669188,3,4282,1864492.674241112,20.866855526437433,2271224.697399946,23.030677799344762,True
42c538a1,2,3279,1703330.7692464795,22.79180851313302,2248918.1326001445,26.18883109705342,True
43b06c70,1,4846,492820.4350459954,10.084460030138576,372664.0115999501,8.769342298126745,False
43c7f85a,3,5978,571368.1260561455,9.77642447008251,747254.0476000572,11.180370167514397,True
43e16325,4,3720,5398908.386340521,38.09618693115741,7795270.510499936,45.776662453735184,True
44441e54,3,4357,29628.824811568677,2.607734862579263,58649.77529999906,3.668929750345109,True
445af6c2,2,6041,5839222.20618596,31.090169033405626,5420409.17149981,29.954468486977532,False
4463446c,4,3256,648146.7775351686,14.108943196170532,1158193.8903999508,18.86029305975226,True
44a94013,0,4903,5272449.928444849,32.79255724732147,2653253.4865001487,23.26260921867206,False
45fb3e21,0,3649,1349058.354743196,19.227748648736412,2309842.4863,25.15963005414619,True
460f859e,1,3336,1608109.8113478832,21.955575728272695,1336011.0954999954,20.01206991533264,False
4630ab92,2,3373,961903.0782359635,16.887193770453486,399317.23340002523,10.880550178687447,False
463c38f2,4,4460,239937.56636211605,7.334688856339342,177937.21600000106,6.316346789980795,False
4654e7de,4,5373,774132.3409629364,12.00325922737069,148782.740300002,5.262206132576318,False
466fc788,4,6197,937286.7477375324,12.298311535941451,1783940.4140000832,16.96677982284487,True
46a301e9,0,8226,1017076.5776145675,11.119428687518354,944282.5357998858,10.714122960128444,False
46a7190b,1,4215,881254.2340314279,14.459451497593268,746755.0064000258,13.31037471543342,False
46d24a09,2,4449,2651235.019845783,24.411412586620525,1968447.27030005,21.034427197140683,False
46d41ff6,4,7901,325870.6245634401,6.42216671842539,404226.1706000016,7.152719312990992,True
46dfcfca,1,3606,1113286.900514802,17.570765727206588,1958823.6629001026,23.306915931867923,True
47222616,3,4406,442749.26716517174,10.024360559264874,713783.8888000025,12.72802806095558,True
47ee27ab,4,6397,91720.61259577062,3.7865639684083803,390305.35529999225,7.811133847911845,True
481de5fc,1,5952,913106.4885319816,12.385948022768059,1110781.755800009,13.661013098019078,True
48c1f673,4,2917,867885.6213799636,17.24896464754907,996201.2643999874,18.480143096264484,True
4936af16,4,3991,106285.95767543704,5.160562962658752,104901.02009999834,5.12683088404085,False
493b5b31,0,4671,2174574.242064583,21.57655904562454,2022077.8810000154,20.806259253075513,False
49dbc14c,2,3872,597423.8881818224,12.421487815519141,115956.09660000699,5.472416193779096,False
4a035ec2,2,2588,372787.1445873014,12.001853678751452,874115.9384000171,18.37817503927824,True
4a335117,3,5015,1164129.287376088,15.235795649325754,3138070.684300164,25.01473417971471,True
4a8ecc0b,1,5809,451762.0927872588,8.818692614929295,730230.8550000413,11.211904800768597,True
4b462989,0,3106,148348.767505206,6.911005610825921,135503.44240000698,6.605024585467642,False
4b831d20,0,7312,1212664.1761718001,12.87811155158601,1967433.2717999846,16.40332593479727,True
4c2208f5,3,5384,9949588.548007151,42.98827665098746,7523630.319200216,37.38188510729996,False
4c3168cf,0,4334,51663.182298763044,3.452598865274591,83851.48660002631,4.398564145674671,True
4c3df468,3,5392,1233815.8040579448,15.126909988398047,2317257.023399705,20.730613836474724,True
4caa7289,2,5396,269889.47818410426,7.072240261564321,505602.8234999849,9.679853283039389,True
4cd1ac61,1,4489,1374317.4043638369,17.497206627861715,975920.150500125,14.744577751415134,False
4cecf7b3,4,6019,420813.6868833271,8.361472325630752,465784.581499991,8.796914734080126,True
4ddde4c1,0,4472,2203598.0361085734,22.198073798108748,94006.52029998411,4.584881244279585,False
4e050c92,3,3705,223393.59984406055,7.764996371465298,169343.84959999376,6.760683545123174,False
4ed93db6,4,4657,244580.37169568712,7.246990322493274,388559.21620003687,9.134304566059011,True
4f3eb9e9,4,4697,3805604.263476841,28.46436713875666,5139530.137700206,33.07892812639342,True
4f4ac5ce,2,5162,171994.0662373957,5.772284550679825,351390.76149999705,8.250612102027123,True
4f4afcc6,3,5645,1060317.1747575959,13.705217271929241,391155.45209999883,8.324204115356522,False
4f69febf,3,5460,1057310.1510650811,13.915694298672898,1218894.9087000324,14.941245790403045,True
4fbe9c06,2,6287,1838717.7237171081,17.101562857176596,1014129.5012000403,12.700621635010842,False
504c8b08,0,6367,3403736.7765173633,23.121210021053336,2716814.3645998687,20.6567768266876,False
511e1db0,4,3821,82827.95352457801,4.655860364107252,26765.287499998773,2.646655635093415,False
512943b2,2,5029,178676.16220041292,5.960634470673678,81796.26750001505,4.032978673574936,False
5138a660,3,3559,915714.7300283799,16.040433684675243,106800.61979998698,5.4780109058052355,False
516088b7,4,6645,333725.8207058421,7.086754893062688,269769.2405999982,6.371603205164532,False
521a7819,2,5200,2307269.3042252543,21.064321385412196,3344764.917400171,25.361861575542044,True
5254b6db,2,3274,415405.139455101,11.264102536034697,174179.10290002928,7.293881229520888,False
529e88ca,1,3417,573186.8197616942,12.951665167090958,796295.3141000678,15.265625031718603,True
52f1e77a,1,4442,286877.579708806,8.03635340632308,892518.8349000146,14.174880875648114,True
5305524b,0,4898,849538.7231387517,13.169891568414517,1355374.6622998943,16.63490369332069,True
53134831,2,5126,2030584.8044184232,19.903124745694804,1541966.1562002338,17.343954276390388,False
5397ceb1,0,5255,159601.57835903985,5.511023091974302,449719.9785000096,9.25091584943266,True
53f23031,0,8550,866378.1837373454,10.066319174537737,973040.3093000798,10.66798407051043,True
543198e8,0,6503,3405178.359981711,22.883004994399027,2736874.8672999833,20.51495618405221,False
54753541,1,4026,796216.8409948531,14.063026474064772,1059556.7913,16.22277834812335,True
54a7e3c2,3,6155,395893.1457111916,8.020010976928615,749877.1871999286,11.037762426443331,True
5542c301,0,3591,103079.92689714092,5.357711798545558,108671.76400000186,5.501114137426537,True
5567d551,4,6889,1414127.3436236666,14.327359806404,729363.5754000475,10.289492216812466,False
55efee7f,4,4801,1077422.0665828027,14.980526598482465,3204452.8491000747,25.83515609352923,True
5663b2b7,1,4972,1346381.5362923532,16.45578155663391,1318433.7884000535,16.28409405856329,False
5693dde2,1,3488,643581.0492983687,13.583553125373841,168859.2025999753,6.95783505375875,False
56b00794,1,6065,2167356.657815681,18.903829409249205,5438405.054000201,29.944728017238926,True
57796579,4,5890,1187150.3845031562,14.196955510110387,966990.6111000874,12.813078334954168,False
577eec7c,4,4539,955972.6320633122,14.512513551564334,1617138.951700143,18.875287599886814,True
57f05c51,0,4771,1346694.9801505385,16.80079808261045,6295172.4827998215,36.3244551404309,True
58850d2c,4,4995,3499471.644512848,26.468753726354326,1107147.8569999994,14.887955622671049,False
58fa8486,2,4475,799923.7428157309,13.36988814497346,630056.9998999566,11.865701003853058,False
591cc951,4,4609,221935.63784961792,6.939212207121253,1040068.451400069,15.021994805073081,True
593876b6,4,4842,210350.13439766676,6.591116748416544,729974.0319999699,12.278386863654298,True
59f8b2e8,4,3747,399089.36958349927,10.32032165778903,145683.50130002433,6.235385931133263,False
5a1a8fd8,0,5260,676666.375746502,11.342124918657774,911687.6829999855,13.165282167987698,True
5a5269a9,0,6513,364138.07959191734,7.477260471978324,223890.89289999526,5.863105043604518,False
5a5d1982,3,3894,236990.9640014096,7.801316905171039,196664.58509999356,7.106652935637849,False
5a63b5d1,1,6217,1265626.7528015622,14.26797663576309,2351724.1785002938,19.44924550712061,True
5aa03df7,3,4871,448920.1971500772,9.600094491063032,211282.46990000256,6.58601427636249,False
5aa403d0,0,3118,1712266.0319776768,23.434061491041202,2056921.0319001093,25.684478606280763,True
5aef5c6c,4,3121,311265.5619779338,9.986622933158058,372594.75460000837,10.926258823623487,True
5b7b6324,0,6564,2812391.5575798242,20.69920218245677,2050218.9621000227,17.673226229685234,False
5bd25f59,4,4210,62188.67174350092,3.843391210387121,79239.88279998522,4.338412715856817,True
5beded95,4,3057,537172.1434642827,13.255893986173847,846891.9154001314,16.64432832796459,True
5cb483ac,3,3852,89964.28719230645,4.8327233257853095,143995.13040001338,6.114075023717169,True
5cdd8dbc,2,4010,542277.6192846517,11.628900485639244,1190689.7974999507,17.231660513857207,True
5d11dfb5,2,5895,528208.9737001741,9.465879744558977,561356.8166000012,9.758377072411292,True
5d7198fd,4,3368,247106.16544566708,8.565559758032657,601734.0599999662,13.36645546990557,True
5def1ce5,2,6443,364103.99947488017,7.517417299513037,417773.3301000272,8.052417616706911,True
5eae34a8,2,4904,381943.71108140127,8.825197859981524,268360.50889999233,7.397484649492449,False
5f4d2a52,1,5225,8121529.102988174,39.42536793659047,16925383.28920011,56.914917258531396,True
5f6756c5,3,5931,156604.13690601263,5.138515290167897,435989.4950000669,8.573813859683462,True
5f75f796,4,5562,733798.7761022607,11.486110744719491,474861.5676000598,9.239915906257119,False
5fb1c15f,0,2860,897382.4099528317,17.71355620450284,956852.1800998587,18.291082508578185,True
5fffa282,1,4201,259884.90376931912,7.865279959605412,118815.64430002618,5.318148657346763,False
60e37807,2,2699,1076502.8314091724,19.971291283060452,1176048.9453999007,20.874268055180604,True
61f27424,2,6220,204547.0503216337,5.734577392032862,49288.71450000141,2.8150009994687166,False
62569ae3,1,3588,511395.8654986513,11.938572168999386,239112.02910001957,8.163464251076302,False
62a6f539,3,3693,95996.27853804678,5.098442723704028,228438.96640000326,7.864940463331049,True
633774dc,3,6233,946571.4401828265,12.323331606118147,1259023.3935000952,14.212429924790966,True
63559d57,3,4069,426588.977453033,10.239080793026424,141364.52879998536,5.894220519880757,False
647f2a41,1,3881,376973.4864146579,9.85561163785182,166312.83899999794,6.546227092935274,False
65156b96,0,3221,477324.43663129385,12.173388210053313,118942.75569999997,6.076781706471203,False
653612bc,2,4605,48584.25479570523,3.248126656137606,36965.495800014935,2.8332405605306503,False
656a067b,0,3051,838273.5349490868,16.57569602673129,656337.2183000294,14.667037832749068,False
65a5466a,3,4683,371773.45813427994,8.909987847171603,673343.1381,11.991020361693243,True
660d9546,1,4732,686664.365312482,12.046194943585617,421128.03540001216,9.433757519583331,False
6767c111,1,6783,1812553.4370189495,16.34686594113508,2071399.3876999072,17.475154063370617,True
67847288,0,7429,1042899.4211923426,11.848299782055086,975882.1253000521,11.461290028070946,False
67a8da4a,1,4911,1563912.088866228,17.845191026566066,1030675.5167999868,14.48691836331104,False
684a6fc1,1,9818,1417353.0978676137,12.015103458951774,5669776.451799878,24.030978453294004,True
698930d1,0,4741,627327.7685919645,11.503030685560915,511719.35760004004,10.389172214568049,False
699ea575,2,4120,250182.8083995104,7.792559439698897,445010.0755000485,10.392889600471305,True
69c1bdad,1,2714,196475.8191118773,8.508433960303446,260118.6661000001,9.789958199101882,True
69e41fa6,1,5772,549818.1061377462,9.75992224069673,198325.40109996707,5.861732687565972,False
6a0ff78e,2,6465,982352.7258755227,12.326774823622156,832958.8907999999,11.350827388917207,False
6a8fa194,4,3017,398346.7689128309,11.490607611394148,210268.6165000406,8.348329338921092,False
6ae68655,4,4204,531918.1228834109,11.248407466131482,116309.16709999679,5.259877371830794,False
6d1d74e1,3,5830,910014.6740180715,12.493666828008289,823862.6549000067,11.887571200184345,False
6d590e26,1,6096,389384.44821830746,7.99220880674515,453978.08209999953,8.629685403348205,True
6d6d93af,4,3595,5619885.227862687,39.53796164559282,3726368.5321001364,32.195372520142506,False
6dbe4b60,2,4648,184835.49525358615,6.306082208236474,351763.77589999617,8.699464045404161,True
6e6d122c,2,5632,428854.6770182856,8.726171664238453,468131.06089997356,9.11700946941914,True
6e9ccd38,0,8282,1332964.6556954067,12.686496498039185,1240686.5337999666,12.23949279951463,False
6ea22614,4,5971,369312.66261694394,7.864544310555146,250362.52319999755,6.4753183432909225,False
6ede926a,2,4938,151211.91770618473,5.533723660508149,291768.6069000398,7.686767373145472,True
708caea9,1,6548,799585.9209572971,11.050405981295455,7983053.497899906,34.916458237909005,True
70925e23,1,5947,1562809.0623775853,16.2107829599044,1299957.1081998474,14.784803005082047,False
70e1788b,0,9285,389475.75195214956,6.476632550367286,475895.5683000259,7.159206283115686,True
71642c7d,4,4648,235085.12292918898,7.111799650009392,658339.4624999434,11.901230993511438,True
71ccf778,4,2698,66420.60949951605,4.961699470753059,78343.36019998082,5.388651839136806,True
7224331b,0,6063,392329.1107396041,8.044174495771701,114108.6960999988,4.338260107312621,False
722cf0d8,3,5143,1123756.7968694076,14.781819798403733,636789.040600001,11.127293106426961,False
7256229b,4,5415,348651.4430178752,8.02410315222681,239133.12040002327,6.6453924693055635,False
726f3dc2,4,6723,1206632.2670142893,13.396949236649599,323000.34410001925,6.931383638655225,False
7271dd80,2,4340,409529.6860374418,9.713993968006696,299989.0260001001,8.313957865645467,False
727a3a10,4,4397,3482212.8172983215,28.14164123118119,672158.2140999404,12.36395803493887,False
729665c0,1,4263,107976.42963049273,5.032766891363421,319891.82820000814,8.662513145164612,True
729e9750,3,5919,673058.4861448803,10.663560375212558,461078.198399971,8.825983755646552,False
729f4217,2,6195,1947961.0824674666,17.73248016207947,1636211.8507999862,16.25171177822061,False
72dd8501,1,5193,286274.40411954036,7.424754502228299,191466.84599999868,6.0720820352358595,False
73348914,4,4221,607981.1840687046,12.001551507423377,482515.4828999885,10.691729206195715,False
739a914f,4,5505,1983803.051951685,18.98325210499209,1009243.7527000303,13.540022100878758,False
73b1447d,2,5670,340988.7253151096,7.754940682806445,1018841.3883999726,13.404843871674935,True
74b6186b,0,3405,46139.09298130926,3.6810860373647105,276246.26740001,9.007196786463387,True
75c20ec7,0,5361,292146.11683540425,7.382052940830767,655120.7035999605,11.054465755153933,True
75cd5f11,3,4946,462368.3336598828,9.668675515456446,136847.38759999277,5.260066074409697,False
75d20a82,1,5067,1646920.1267184587,18.028550733405122,1504378.1001000246,17.230705080539593,False
76201745,3,4448,161692.69128409904,6.029243246015754,276322.9202999927,7.881811891978768,True
764072a5,0,2949,31867.374563638165,3.2872728755258893,119222.33720000679,6.358306065218297,True
77b0d905,3,4174,514215.5921808982,11.099320657853779,710664.5653000635,13.048365351893997,True
77e4821c,1,5393,322729.62239709223,7.735781684088407,1991930.4005000906,19.218605395377665,True
7850c72e,0,5497,13571756.422501778,49.68841686644312,838505.7945000235,12.350659981673207,False
78a4a386,4,5119,57874.03131545234,3.3623994247663007,176155.75799999433,5.866186376682608,True
79507629,1,5302,1672504.7791526453,17.760853090953056,837784.6386000252,12.57032003546627,False
796dbd4c,4,6248,266746.03150786133,6.533990113999023,148031.52439999234,4.867507118040292,False
7987f2f2,3,3705,758755.9395480582,14.310570440368918,536232.9939999692,12.030471815010397,False
7993a768,2,5487,194800.52805575688,5.958371598059079,438990.7087999645,8.94458476658435,True
7a5660b0,0,4998,1328957.7030675476,16.30637604660885,904609.424400008,13.453411559639392,False
7acda2df,4,3091,83674.8582558107,5.202930086053993,592172.4941000341,13.841227690699123,True
7b2c7b3c,2,2584,169010.38727556998,8.087428307173585,98457.23020001505,6.17273385674935,False
7b38844c,3,3749,167826.87199516388,6.690722686730427,204649.34109999947,7.388349907150671,True
7bb17b96,3,3922,115388.40286816009,5.424094988352631,1134664.6128999367,17.009046194531738,True
7c607683,2,5328,1421091.8686946677,16.331608825436557,1515389.3116998707,16.864753655466934,True
7cbbd047,1,5121,613477.3807786119,10.94515432501173,804347.9801999782,12.532698729088267,True
7cd4bb31,3,6439,634816.8715060368,9.929217354701834,225235.49449998367,5.9143797077311655,False
7d50373e,1,5122,278324.07661373983,7.371495442798954,1045661.2682999998,14.288140886490114,True
7d57c75d,3,4405,668387.6200164936,12.31802956824479,887988.2728999833,14.198113996829493,True
7e208414,3,4226,221859.53763933654,7.245599177397426,172120.95929999358,6.381931414565357,False
7e721392,1,6174,3005815.3752700505,22.06469040997234,10042975.543799978,40.331826473951956,True
7ff89f8f,0,7337,1182371.6888358674,12.694562893599096,1470186.2402000795,14.155555516103233,True
8050c789,4,3077,144669.93520890138,6.856861784304444,186554.80269999325,7.786449457719408,True
807f0298,1,3747,974349.7686778115,16.12558937486935,293728.1763000066,8.853825493010934,False
811f52b3,4,4836,543507.7827345908,10.601314964539828,102254.18389999263,4.598301010999275,False
81bf5923,4,4543,11714806.555823304,50.78040875410785,4456216.248500153,31.31927935297995,False
81fc01c6,4,5909,1952913.1114570163,18.179605954983167,1330874.3842001222,15.007610097527794,False
8255c867,4,3589,583213.1832149664,12.747556250654542,2311751.2547001243,25.379544413656888,True
82aab6d2,2,6140,2058795.3093056362,18.311435833853523,1643245.025900113,16.359385167102737,False
82fcf37c,2,6014,2165017.766729153,18.973568538390538,258992.366800056,6.562385974432521,False
833af382,4,3628,1714546.0803353016,21.739069034204245,516564.16390002065,11.932419080398546,False
8382f4b6,0,4967,4438457.928361847,29.892963635053334,6422082.510100092,35.957613544757436,True
84633df4,0,4972,314992.6352648922,7.959478975670305,111528.57000000455,4.736172446701271,False
8478df29,0,4857,609655.2787509096,11.203613482490466,957832.0871998754,14.043024034272376,True
84815d5a,2,3647,268192.95105123136,8.575427860889592,1288500.04740008,18.796385252137515,True
84c3b497,3,5312,10353615.286078002,44.14860431760437,1909645.7674999677,18.960394713110585,False
85380836,2,6618,191754.32025549965,5.382811819003168,1328033.2946001538,14.16579981313258,True
8612b37f,2,5165,2620513.1066104993,22.524647601810987,1987643.922100002,19.617069448970486,False
861e71df,4,4700,1081843.3831478152,15.17166580250631,625859.2988999485,11.539564677986593,False
86454a6f,4,7964,32219440.992938407,63.605310185505544,39317816.36919963,70.26338513734783,True
8648abae,3,4244,1087596.3271330523,16.008335534395037,199595.17689998314,6.857839767871924,False
865033f8,3,3557,79231.0632368011,4.719606704332084,125516.80940000033,5.940308678128904,True
87695469,3,7003,408684.9245656235,7.639276788096858,348223.92319997476,7.051593014629924,False
877ed19c,4,3708,276375.89567524916,8.633367315024293,58205.83270000869,3.961990141908008,False
87aa3730,3,5607,768183.5012830666,11.704886576422277,465999.3564000104,9.116484132166912,False
884ecb5f,2,6724,759598.9337508027,10.628655257109427,2670513.6462000674,19.928910115404566,True
8902c3f6,4,4959,202970.48296675025,6.397633961067832,386826.81919997104,8.832044207317482,True
896d15b9,4,4279,6439664.531177129,38.79363529704292,3795998.590699895,29.78460727060298,False
8995c945,1,6724,803779.1055902417,10.933381539319434,1954585.6891999107,17.049572930743697,True
89969c7a,3,4947,247333.16343098128,7.070827151774046,335509.0077000244,8.235332474787521,True
89f1085d,2,5994,2745162.3807441294,21.400585237461634,4576088.750900205,27.630506752261244,True
89f36adf,2,5292,85454.70249934285,4.018445341997086,106116.43979999892,4.477972454313123,True
89fdb2f2,3,2031,6765.584675596969,1.8251463962106365,5777.546000000928,1.6866180518953557,False
8a3da6d1,1,4593,323782.97337476694,8.396122779085715,406895.5996999942,9.412246097229765,True
8a89da23,3,3935,1393764.8540118965,18.820119907822786,2314494.7408999573,24.252456304947117,True
8a9c8932,1,4663,93296.8355132579,4.473019062226758,26790.198999994056,2.3969295087935425,False
8ac2f237,4,5319,1372431.4849797601,16.06313617752844,1439544.5205000383,16.45119897844976,True
8b12bab6,0,5234,163591.26457160458,5.590661473820895,1308478.167400092,15.811256392108719,True
8b5be31b,1,5672,362542.838105776,7.994872718998023,1180819.9725000681,14.42858472653754,True
8b95d6d1,2,1731,44634.60336110557,5.0779369711318525,284564.65220000554,12.821591683060278,True
8b9d8326,0,6163,2046723.2144072538,18.22357061017612,267042.81370000576,6.582552988433189,False
8bb9c1e6,4,4546,195082.17303418805,6.550796021561001,157019.65899999402,5.877089429163017,False
8bda1a11,3,5981,480141.2668629821,8.959785565264355,989223.54650004,12.860573075338545,True
8bfa881d,3,4089,2029180.7835030025,22.27674918592785,2536780.2353001013,24.907656478671402,True
8c167025,0,5368,1243309.9757933505,15.218906733637823,885288.1180999511,12.842100494100917,False
8c8348e8,1,3888,44005.57626465042,3.3642691111786323,166352.99780000985,6.541121071059431,True
8cc21f01,2,4044,108044.55655413646,5.16887312624203,131039.68269997947,5.692405675014437,True
8cc800b3,4,6576,2449657.5970661845,19.300643548934026,1269567.7063002407,13.894631430456734,False
8d5d46d7,4,5755,2179541.265532715,19.46076391043997,1201438.5950999784,14.448678432466647,False
8d92cb49,0,3589,550373.5529975763,12.38346124017312,189251.76719996828,7.261615385751236,False
8f201368,2,6349,3309878.58401239,22.83249482587482,6172248.778699456,31.179492905922075,True
90386ee4,1,3840,278421.4331748459,8.515020936906112,395836.7512999915,10.152954610245539,True
91abc4c7,2,5848,244705.08099596703,6.468711934878349,288753.6529999781,7.02683994774031,True
91b301ce,3,6570,12184869.647741465,43.065327968332134,8193806.108200078,35.315076932980844,False
91db7070,2,4073,3925836.3057038025,31.046231280554917,6782563.949499958,40.80747690976154,True
925a7cd1,0,4517,138255.10494173464,5.532425097648231,96102.53899998135,4.612563792738408,False
9283ae69,2,3371,99474.03014543111,5.432196614170712,128466.92229999305,6.173284378497139,True
9298ad5b,3,3964,386571.11797708855,9.875244992772465,679222.2871999877,13.089984763550598,True
9314ff13,4,2748,41748.77682248756,3.897745813221536,74015.14800000652,5.189815774469084,True
93209a3d,1,4697,1746413.4303411809,19.282496054897255,876195.7139999376,13.65809981076041,False
939d9c34,1,5101,666304.1529922135,11.429009621472156,1262007.887899961,15.729081869192102,True
93f5d2e6,4,3691,795547.7747279998,14.681184957088535,1492048.8161999315,20.10571368100563,True
940a48d9,4,3963,225503.4104559897,7.543354555168978,401331.54429998586,10.06328128166555,True
940e709a,2,3348,49970.83688795657,3.863363627837151,72453.04740000208,4.6519560575408425,True
9426ec1e,3,2532,539932.7184012064,14.602861694500943,369449.75210001064,12.079413246018726,False
94467f50,1,3035,291882.4319671668,9.806739302070282,184428.15090000068,7.795325573109472,False
944f36b9,3,4630,59429.551581378066,3.5827023712660218,196405.32750004437,6.513075857645095,True
94d813a4,1,4847,8336199.996089964,41.471290777547836,6539388.741900145,36.730942118502206,False
95b559e7,2,2887,1440616.321818385,22.338333657919378,1199494.5984999842,20.38335913388356,False
95c8427f,0,6335,3847953.414830532,24.645724712794884,4692294.147200004,27.215687207592826,True
96936c22,1,3346,255654.23323776468,8.741048418069235,55694.08579999813,4.079825343764616,False
96ae5806,4,9839,1414900.1646261557,11.99188398437376,702640.449500161,8.450669041365172,False
96b7eea1,2,4332,109308.54450814755,5.0232273166770955,666631.7062000063,12.405056848354107,True
9719aa04,0,4871,1340340.777923515,16.588172789003345,243928.72190002454,7.07656345543121,False
974802e7,3,5843,810515.4890594652,11.777760431291961,1113566.0557999958,13.80511563998303,True
97cd5bf9,0,3449,346776.3632840768,10.027164659356604,296634.3552000026,9.273936692075774,False
98177ced,0,4772,5915961.88291095,35.20971145856763,159417.488200002,5.779865915399804,False
9896fc0b,4,3595,824656.9146085433,15.14562518811802,899134.1276999664,15.814766850712997,True
98bc6f66,2,6063,273813.5221873092,6.720222645932478,1887774.7947001318,17.645391862557158,True
992c99e8,4,4904,552457.3875034357,10.613879724327719,931085.5809999148,13.77905931963707,True
992ce078,4,2879,155159.67314212187,7.341226025881852,72692.03020000554,5.02484380821733,False
99529c45,2,5840,3442744.8191771917,24.279849653038973,2743802.8484998597,21.675545088419643,False
995ff498,0,4526,491254.22352118115,10.418276366055036,315088.80450000445,8.343710199277547,False
999daf80,3,3564,98153.88768907507,5.247892198568759,93487.45070000064,5.121625403452367,False
9a6b0392,3,4255,99917.98667193057,4.845873301532736,206952.0910999905,6.974051133501153,True
9a8ae0d6,4,6294,322982.2612354368,7.163511560444255,221866.91140001552,5.937216688673599,False
9a95e33f,3,6447,1107121.0117265887,13.10444738608412,6721646.785400251,32.28932813245856,True
9ab94eeb,4,4442,457750.65418060747,10.151382911056526,299097.2501999702,8.205724523051869,False
9ad5410a,3,4205,354141.5168505984,9.177099099585574,324480.0178000703,8.784377249544983,False
9ae248be,2,5271,282957.15757446206,7.326791517913336,346428.6368000286,8.107003944596206,True
9af1ffd0,3,3525,468721.7573004556,11.531292698171761,1158407.8343000326,18.128053838502368,True
9b5b61c1,0,5532,37946.12683509231,2.6190430751757847,163109.39800000555,5.429982209622746,True
9b9e3b49,2,5118,781273.1846880707,12.355243768977997,321335.4906999939,7.923721572593473,False
9bd2bba3,0,7439,1591033.442607994,14.624545392879034,1827404.7831999226,15.673287472863077,True
9c211c53,4,7265,319900.1565372766,6.635740851371646,303791.11030003446,6.466506541772609,False
9c350a6a,3,6052,2311243.6085417704,19.542197671832408,1831871.0810997658,17.397946606336834,False
9c8375f7,4,3674,121527.16745070164,5.751314432865679,128636.79189999786,5.917156069883692,True
9d072e4c,0,5107,286607.0128234794,7.491356716900817,509761.22069991706,9.990804668905984,True
9d3ec64c,4,3480,502467.83263601706,12.016127006183837,293771.4404999614,9.187876827833358,False
9d4272e3,0,4030,663317.3079885733,12.829453047805641,1272323.226500134,17.76831335353228,True
9d5e14d4,0,5400,2945396.1107810326,23.354736654878163,4399443.638199918,28.543156532728414,True
9da441ba,1,5783,136317.1749337301,4.855105734359322,1410696.1844999543,15.618529769468404,True
9dede370,2,6297,1736847.8741755376,16.607874106008627,2196378.6900001387,18.676124657054373,True
9def2eb2,0,6003,274899.90610618546,6.767108255423971,315845.50050002616,7.253592864593499,True
9df1b1f9,3,4701,260559.0506454589,7.44488435447966,745415.2874001141,12.592269852167446,True
9dfff011,2,4319,797403.8183088645,13.587750178825516,101424.89649999248,4.8459695911212535,False
9e3e364d,4,4290,110940.53403344289,5.085298845049313,72018.79139999617,4.097267023631261,False
9efc812e,0,4450,890981.5111348181,14.14993160053995,267072.81579996995,7.747022854046375,False
9f0c7bae,1,2542,112912.12818381179,6.664729438095003,158576.27620000584,7.898258335635161,True
9ffce529,2,5212,1100764.2264194302,14.532654542330032,640422.010500002,11.084878093703349,False
a0383629,4,5832,133955.14531156936,4.79259733870424,413097.1773000544,8.416225361246278,True
a056d01e,4,6557,9428004.676528387,37.91903729975867,483176.6875999983,8.584211201864289,False
a08d9e63,4,3685,479384.0585141119,11.40572898150257,1697467.923900137,21.46258569009769,True
a0b83014,4,5035,868759.5547209589,13.135604372414376,1545219.87059994,17.51843897699374,True
a0e92ed6,0,4897,158198.76316840018,5.68376992759476,322446.8719999936,8.114542367589692,True
a15bc102,2,3236,55475.16019332134,4.140425989848989,21522.22409999582,2.578928597930721,False
a247e7cf,3,5674,52024.72995978256,3.028030543807356,100144.90760001082,4.201165296490171,True
a2e8e7f6,4,4760,139648.39503463285,5.416447001173325,544812.5200000028,10.698430341162505,True
a3518960,1,4967,740111.8593514084,12.206793609204615,250434.141500031,7.100675858286987,False
a3f71395,3,5543,763685.9722361899,11.737753028362118,1262084.85539993,15.089395383508826,True
a4719920,2,5884,156676.244564873,5.160184674445633,305488.59620003053,7.205451003735877,True
a48640d9,3,4532,777479.6932127834,13.097836858225554,2119663.442000025,21.626612771414322,True
a4cdbb0f,3,5204,1677421.290866755,17.953636649987978,646976.7781999946,11.150021440885437,False
a4f989c2,0,5385,858520.9036188475,12.626488373937054,602639.2674001362,10.578786672639087,False
a5aa7973,0,4616,3417194.816854244,27.20833520298177,925504.9014000508,14.159778554983863,False
a5e6f7dc,4,5649,418870.36479890544,8.61100874185443,227840.515000009,6.350818327780091,False
a612d5a0,0,5329,679923.9294661116,11.295547935579197,1976143.7358997182,19.256901319606147,True
a622ce4d,0,6298,1300353.6886369875,14.369095090441935,1276393.497299775,14.236097814848373,False
a645da9a,1,5153,274695.7528036249,7.301227839548366,412868.96689999796,8.951092580974047,True
a692b17e,0,3566,241378.00839159812,8.22731603975798,615522.4762999524,13.138061444708827,True
a6b8ac67,3,5453,1064976.0000462215,13.975011101014127,645009.4706000213,10.875902281234387,False
a6ed2eff,0,5275,289299.00106189254,7.4056338367206305,393100.8371000227,8.632582794631363,True
a6f967fb,0,4670,10619088.801390734,47.68537321113209,884568.3092000422,13.762814229045636,False
a76db406,4,4672,93973.23807676142,4.484878466839487,64109.1275999681,3.7043201708377427,False
a7744f5b,3,4377,382126.492152426,9.343622859024988,749411.9111999922,13.084948643934053,True
a783cc24,2,1889,433623.373470537,15.150967372381588,1349195.6163999331,26.72523186448825,True
a79fd2e7,1,4404,423496.4096840085,9.806210493020538,674359.5242999961,12.374341369091132,True
a7fc3e6b,1,4764,555103.3635864803,10.794463273397254,1569287.401599966,18.149529358993682,True
a85bb86f,1,3099,41107.005510602496,3.642060304626642,192132.77000000863,7.873900707960967,True
a85e4bc3,3,4581,1084310.277780185,15.384969558533477,425576.1229000222,9.638478456190704,False
a87433c9,1,5721,665257.0923932516,10.783476166010065,525092.0834999925,9.580358514748033,False
a8ed028a,3,5538,11007675.447959349,44.58320978161044,2008598.177599961,19.044521110452333,False
a959858c,4,4404,13308554.869589506,54.9720325011651,18812805.959599867,65.35865899088088,True
a9c9b150,2,3986,800780.6189632202,14.173859699692176,5391.634599999213,1.1630317709118394,False
aa95015b,0,4300,103931.73061247762,4.916316701543801,591150.2580000522,11.725050285011942,True
aaaf3c03,3,2997,707665.3691352619,15.366345725623253,681500.1233000018,15.079592231507316,False
aaeffccb,1,2712,64711.85274700898,4.88480323404411,61347.45250000096,4.756126793123975,False
ab112491,3,5185,1859952.0348072804,18.939848115439755,4124500.0361000393,28.204036984751497,True
ab18d3fc,2,5694,2194534.4487604713,19.63190617873952,1568639.939100041,16.597890792722144,False
ab3ced07,3,4250,304819.27939900337,8.468895051185886,407963.81209996,9.797524442428841,True
ab6fe95d,2,5491,284580.2828839707,7.199074725598276,244990.83519998752,6.6795806397720465,False
ab94878e,4,6004,695549.63285268,10.763257267394039,222696.71589999588,6.090270250340663,False
abf460d2,1,3217,82901.69145706661,5.076403856420454,224344.40889997498,8.350877150110843,True
ac6f01d5,3,5004,2511344.278575252,22.402396341141497,1275030.9817000795,15.962529701035821,False
ad2133a8,1,5729,2742113.4211328053,21.87778228026487,4519876.894999718,28.088198915386187,True
add9c322,4,3932,221741.42606162268,7.509597556340485,594561.2657000651,12.296784203800955,True
ae069086,4,4770,493388.3082394452,10.170334509416428,1014757.009499989,14.585517424947831,True
ae0784a8,4,7823,520058.78191492934,8.153415076804666,925596.1520999303,10.87737509844777,True
ae35f33a,4,4450,400630.7249174714,9.488381125668838,115525.50370002085,5.0951729458693835,False
ae8959c3,4,4518,1918890.544929008,20.608766002619667,1765517.8814001312,19.76800976672305,False
aed44918,3,2719,363612.88291619334,11.564184905674063,244806.55419998243,9.488704385906805,False
aee6393a,1,5865,146710.5074308949,5.001457714717264,127672.86619999974,4.665683726709421,False
af7a59ce,0,3024,20650.34483645462,2.613200669088163,51207.55889998309,4.115059728297358,True
aff4e561,2,6026,1200409.0887799356,14.113998723611914,709648.7385999826,10.851934253065428,False
b04b58a3,0,3402,445185.9215880541,11.43940816894597,580138.9552000265,13.058667367524363,True
b0d42b0d,0,4971,1016112.7185683236,14.297136453012184,1948288.1616999987,19.797243019186585,True
b0f53bf4,1,2755,1018234.651698668,19.22485773371416,234773.98400002436,9.231328022549082,False
b19b0395,1,5813,132300.94635724562,4.770691284361258,586571.2351999424,10.045237735851847,True
b1efb8a4,1,5998,554321.8585368195,9.613416788543672,434039.64819991,8.506706925766984,False
b32902c0,4,3808,205114.7086964735,7.339220441947666,101210.23660000454,5.155416417213564,False
b32e4903,1,5770,52312.05823260762,3.0110155426985434,198407.2874999912,5.863958705383137,True
b3388334,3,6080,2556367.3891453743,20.505003357434106,1231175.2810000242,14.23010661853958,False
b37fd114,0,8161,2362004.149578431,17.012519624956056,5091965.858499977,24.97877020046922,True
b38e3116,1,6211,165024.3040091882,5.1545788835073445,254755.58159994349,6.404438939196513,True
b4d8dd4f,3,4259,637244.1159626038,12.23204575715634,1245143.8900999867,17.098418824477594,True
b4f37e6e,2,2992,235730.4344689726,8.876199069201888,668625.7853000571,14.94895263643877,True
b56bc0aa,3,5602,277865.0703311143,7.042801140112048,432688.54829998035,8.788528154094545,True
b585b4fa,2,4294,260640.2799284164,7.790937971044164,427154.41740004974,9.973817813617734,True
b5aa9634,0,7326,909900.4857878139,11.144574487685796,965271.4548000565,11.47866217552782,True
b7974e66,3,5558,294003.9297356769,7.273062111801996,270242.33679999673,6.972963992749996,False
b7cdcecb,3,6168,1052920.4082289108,13.065486610698319,530531.8507000294,9.274351431311539,False
b7fea9ef,2,3866,238025.3174189111,7.846584420729014,480464.81100005226,11.148074644872509,True
b85f7b06,4,3803,145503.26868716785,6.185477224955125,48465.192299995004,3.569865119414346,False
b881d27e,1,4009,981732.3750080462,15.648709499723815,1414704.0503999079,18.785154458691416,True
b8c49c1a,1,4319,158442.68778985605,6.056817646826816,294457.72430002084,8.256954162110757,True
b95e7121,1,6306,759716.353397799,10.976117670558702,73777.33990000116,3.4204599760598935,False
b977be4a,0,5917,1818960.8902280922,17.533188260872397,2042287.4439000026,18.57837175934225,True
ba48188d,3,4166,7905725.31386738,43.56234272580818,10809097.666600233,50.93720227649117,True
bb2cdd83,2,3825,64292.15512357553,4.0998056744503195,34831.814900004225,3.017674077265869,False
bb337fa0,4,6873,1021745.1445071301,12.192650340277028,3986549.2624000185,24.083821271230853,True
bb682ebd,0,4139,179661.8031811615,6.588403115531669,1634184.2901001156,19.87022580202752,True
bc4381e2,4,4955,784994.7365666046,12.5866902021751,786452.3999000158,12.598370947658928,True
bcebcc5f,3,6258,697171.5644154431,10.55484969555646,3677527.008099815,24.241537215571864,True
bd2c2f34,0,9823,387637.89319877984,6.2819003116800705,315079.6360000137,5.663541608648027,False
bd4ae5da,2,5006,55655.582121302265,3.334332780954456,988539.0036998661,14.052431666337634,True
bd6f0e19,4,5140,172704.8547172595,5.796565042109385,526217.5552999785,10.118149844909517,True
bd8f847e,4,4961,502633.214371735,10.065630373198886,270911.7039999662,7.389741905257485,False
be063506,1,4500,245005.82259416213,7.378735552535966,422173.6146000532,9.685884513043288,True
be35c8f2,2,4226,202169.47123474837,6.91660606642958,92351.40789999846,4.674735185385168,False
be83e781,1,3221,45528.034206792465,3.7596211755531073,32037.475299994017,3.1537973198868037,False
beda8696,2,5912,1313513.1265048215,14.905618307266732,570103.1488999946,9.819955216289504,False
bf39bc20,1,3303,318170.24852788553,9.814665365159385,233160.02850000045,8.401808199266226,False
bf70b410,2,6347,4372444.565467306,26.246893370580718,2272079.92280008,18.920279724233612,False
bffe3082,0,5723,618433.5746179814,10.395243258696516,1576824.308499834,16.598918029974968,True
c03b9305,1,4255,819187.5245460623,13.875284052277614,215530.03560002375,7.1171172090817905,False
c03d4aed,4,4641,343047.8470501398,8.597487732677502,734829.3141000891,12.583094329136486,True
c03fba65,2,3699,3679276.282206759,31.53835481334953,1912776.2410998694,22.739971638302574,False
c07fd0cd,1,4191,414207.62999090925,9.94146108629917,68842.52649999954,4.052934357090802,False
c1708b88,0,6315,4912965.593106331,27.89235498916966,2115932.476999837,18.304767828554887,False
c1d046f4,2,5513,322113.53185799904,7.643820652643568,326875.30419999274,7.700112298091984,True
c2717d4f,4,4721,471888.75199063437,9.99776242696301,337295.4549000327,8.452559650622254,False
c2c4db09,0,6039,440201.521994954,8.537746487478032,492242.5917000077,9.028322821306517,True
c2c6fc71,0,7119,419909.4132561941,7.680125357248237,985790.5084999294,11.767462410523247,True
c36625df,2,4742,157079.23649166588,5.755441129234557,303731.2183999466,8.003204999077816,True
c3957531,0,5316,1790344.5743640698,18.35167992857646,833115.0537000096,12.518722274768233,False
c42fe306,2,5095,580037.9241453578,10.669795621086294,648200.2151000011,11.279308916635767,True
c43812e2,2,5527,897106.9859387025,12.740233479469637,272129.47509998915,7.016864008504025,False
c472c0b5,4,3054,300583.63414089935,9.920833228047726,209442.1419000427,8.28128095427446,False
c47e0767,3,4356,1796710.9787132416,20.309310305966818,2009294.3361000349,21.47720905393819,True
c50b42f6,4,6014,426973.0552614289,8.425943112581113,445236.7942000229,8.604265674370385,True
c593337f,2,5208,2547582.1270860774,22.117121763315698,2955558.742699917,23.822334034025907,True
c59b6c4a,3,5499,1837776.35482969,18.281190317069814,2414124.7356998096,20.952603428128082,True
c66be2b8,1,4154,1046394.6187169467,15.871373159541497,2052195.2408000708,22.226756512262092,True
c6797dd7,4,4664,76604.9330633451,4.05274331266491,158470.3897999876,5.82900989050451,True
c6b782a4,3,4877,300119.4573215394,7.844598100640854,800032.1809000669,12.807882966584375,True
c6c96179,3,4004,74520.71751837691,4.314112633182222,308145.2434000039,8.772647918302802,True
c70c0e01,0,4312,230031.8710950662,7.303896828477593,346553.0733000199,8.964901066736223,True
c84c65be,3,8496,952789.565072353,10.58988500593072,805728.3655999922,9.738388019795911,False
c8d9680c,1,6281,11242497.694567814,42.30746529746453,11489898.949399635,42.77043899776709,True
c908edd0,4,5293,409474.38171617704,8.795538236034714,406638.5474000189,8.765028360555872,False
c9578d27,4,4487,1678168.0914871446,19.33925299413357,476650.5407999894,10.306756368182521,False
c96c018a,2,6236,359678.13628349424,7.594583586545734,1031300.8693001299,12.859960619036775,True
c99f9fae,2,6361,3954163.0057315268,24.932428744547806,185846.32320006695,5.40523137400998,False
c9e6734f,0,4735,1274729.9633985641,16.407752844630114,503348.31669999915,10.310371611471203,False
c9e980e8,4,4359,961504.3863038085,14.851906292128456,413675.1992000178,9.741734918381256,False
c9fedcf3,3,3517,322888.561327001,9.581646535677494,196341.86790004148,7.471714606706554,False
cad13e8f,0,4848,14719839.47502911,55.102364003521956,1404749.52590001,17.022296131058066,False
cb34231f,0,5609,9907623.036663696,42.028318727818835,164705.74729998756,5.418906491757253,False
cb879f40,1,6315,509589.6973046801,8.983046381760559,488637.74840000283,8.79643766880234,False
cbb406b5,2,6328,785175.1618795133,11.139098418245153,817328.7061000718,11.364887497962812,True
cbe51de1,4,3963,727811.053217865,13.551809475119109,894316.5565999808,15.022202061672788,True
cbe62450,1,6258,2121194.270443258,18.41079080408662,2166662.3377999323,18.607063412926227,True
cc08aa63,2,3274,251660.27184734785,8.767342911333383,552365.0347000412,12.988941242217614,True
cc8a1d57,1,6638,1935739.1190106862,17.07673304649429,5040230.256000102,27.55539015081038,True
ccedb12b,1,4401,440953.3890875889,10.009690704280636,495342.0778999642,10.609060511646556,True
cd7f1687,0,4232,194950.75786356349,6.787184177579708,473102.780800032,10.573162838089827,True
cda7eb37,1,5973,1406828.3499427265,15.347028455960043,602402.595900001,10.042623008757838,False
cdc31d65,2,4840,267669.8224074171,7.436644560255791,270974.63169999473,7.482412321764383,True
cdc60a53,0,5878,312547.6102264816,7.2919435917385735,406490.89639999217,8.315926094659538,True
ce55ba43,3,4104,211285.07563891835,7.175145868594163,839749.2925999716,14.30444944852245,True
ce8399b7,4,1615,60450.64713917959,6.11806679128709,18271.390199992496,3.363562739626084,False
cf50c9d1,3,4858,955473.428667371,14.024279281277797,4841245.096900214,31.56819712560828,True
d00e7eb9,0,5704,1994331.6253872495,18.69859304145321,356618.09549997805,7.907003476643952,False
d011f41b,1,2267,138713.5968187205,7.822287185074939,267460.44359999313,10.86185548345431,True
d07aed8f,0,2957,332032.3149260968,10.59655055387766,86303.15169998683,5.402411556483793,False
d085e611,1,6191,568259.7773135053,9.580607679098883,629510.8093999727,10.083729659420946,True
d0a0e7b5,4,3816,394259.5835806015,10.164521677792456,520311.9060000165,11.676903707262621,True
d0a43760,4,4041,242661.03064593708,7.749177230330761,72968.34209999148,4.249353040412356,False
d0cb63ae,1,5223,4723907.848235907,30.073965389736177,2076140.2783000576,19.937391369771746,False
d114d9c2,2,6206,3029783.1365588102,22.095299175590448,367813.1224000198,7.69852853923108,False
d1457cc5,3,6920,959481.9485586971,11.77512041443221,455786.58600000007,8.115732473647405,False
d1ecf309,2,6168,200959.75982145272,5.707979030652881,542489.3064999618,9.37828460834895,True
d1ee630d,0,6290,239280.82396301712,6.167776459049919,939241.8177998039,12.219780010195931,True
d217e0c5,3,3838,132134.89440898676,5.867542929847877,103924.81100000456,5.20363871867946,False
d24ff243,1,5641,313463.9426977227,7.454452401713841,72482.41299999923,3.584579952704873,False
d273674e,2,3899,202961.867072178,7.21490483481055,45082.1497000004,3.400366201632784,False
d2f3b1ab,3,5581,782068.955180305,11.8376777165798,1681499.5109999746,17.357707330254247,True
d3df146b,2,5787,150077.87610666195,5.092506550454125,792092.9627999144,11.69933929625434,True
d40f61d5,3,4039,113351.27541533738,5.29756481530466,83728.36549999448,4.553018133859985,False
d41beaf2,3,4753,212954.0523950773,6.693589077238051,1268331.6667000686,16.335502961206803,True
d463e527,1,4767,159721.4246711115,5.78840635558928,351842.41209995747,8.591154291112087,True
d4f60a28,1,4501,449277.1170294897,9.990854705420963,172077.9503999838,6.183126130423007,False
d50c649a,1,4873,401612.9564517791,9.07832344586174,226652.41380000755,6.81996221614117,False
d543916f,4,4799,331766.54727261915,8.314591587808788,499309.66189998086,10.200221672654065,True
d5df0ff5,1,4032,616903.4578491871,12.369391644902224,1078020.4412000724,16.351335751344372,True
d60430e6,0,2511,106824.04870888869,6.522456038895658,154701.4770999762,7.849172504180856,True
d63196fe,2,4510,299569.90198700665,8.150060220242015,1719347.7321999627,19.525114489586926,True
d6c320d9,4,5452,404146.9731437909,8.609773801054095,684629.6446000809,11.20598215508914,True
d6dd7330,1,6193,439902.52951464464,8.428061375878201,865653.6983000864,11.822832979899944,True
d7ba4f9d,0,6023,279538.35668318026,6.812621680350742,156542.51839999744,5.098116159708834,False
d7eb0be8,3,5401,14070060.050694393,51.04002598985128,5819866.130700061,32.82610912419109,False
d84b621b,1,3994,1594947.7673526984,19.98339174806944,1901658.0644000117,21.82037371732548,True
d90aa14c,3,10018,1569327.3697062219,12.516020357627882,1441234.57389991,11.994352891576652,False
d924e971,1,3184,3444674.037590222,32.89179208678582,3419270.522499903,32.7702837302337,False
d9ae59b2,0,3648,1184434.9393802765,18.018896478768497,92925.59269999829,5.0470807715641435,False
d9d6d94d,1,4919,707150.0249550154,11.989949923054398,433324.1132000016,9.3857291463184,False
d9eca87b,2,6373,5620582.271701734,29.697418241261513,4456313.436400115,26.443315428754445,False
da2d4d7c,2,2114,9012.51141439119,2.06476401376544,27051.41570000387,3.5771941153487132,True
da3bfe4e,4,5549,1874425.057910627,18.379203156070787,5063673.203300111,30.20824343453741,True
da3cf798,3,5844,1422831.768820796,15.603487347029542,1670114.5158997274,16.905110806271015,True
da940160,4,5132,1600768.5815601037,17.66123023191688,646615.405999965,11.224828130654686,False
dafc88c3,1,5572,651159.7329223654,10.810311647948245,263543.3259999213,6.877339398362787,False
dbee6c86,0,7369,407242.40287008527,7.433994190572762,142399.9661999995,4.395928954072107,False
dc5fbe29,2,5203,227869.81489820406,6.617843410983776,326374.0240000098,7.9201039214922035,True
dc7da28f,4,4774,529819.3275604509,10.534712580703532,498953.30579997855,10.223244436669471,False
dc7f9757,1,4360,980167.5498797543,14.993634351728675,419602.6187000934,9.810154572145091,False
dd168de0,2,3304,513849.6208515414,12.470905860995341,29564.91160000072,2.9913571830542716,False
dd64382d,0,3124,296354.38140479766,9.739802793293094,56749.72870001257,4.262126959206316,False
dd6bc5b2,3,3602,87714.26838610871,4.934728555359188,499924.91750004346,11.780956097388067,True
dd7d638e,2,4301,98074.47105915539,4.7752186932894585,155749.87810000192,6.017680647613085,True
ddc790ff,0,4726,215517.75680291903,6.75296766791723,154887.72189996095,5.724817380990974,False
df71d1ff,3,6228,1095982.6402386983,13.265619483551673,1011267.8020999854,12.742621639442314,False
df73b8f3,4,5311,591894.6752894312,10.556843072616168,1295395.3829999508,15.617554195793542,True
df8290be,0,3972,693853.3167446435,13.216888140214301,672272.6736000383,13.009724784668556,False
e0079ed1,2,3471,103266.83369560169,5.454477112352167,226021.1810999934,8.069511840769099,True
e03b45fd,2,5342,2143487.9612620487,20.031274505242784,1325457.2320000427,15.75182643192855,False
e0f36d98,1,4976,484200.1690034593,9.864436523121917,1010886.6439000973,14.253156162438394,True
e149204f,3,6097,373213.5872084319,7.823851983958451,126009.78499999728,4.546152895643239,False
e14d641e,0,3184,166941.48695914622,7.240951010219249,148121.57840000375,6.820600870242808,False
e161bd0c,1,2949,16281.349364285217,2.3496750830036994,55418.19220000154,4.33499689746737,True
e201fd6d,2,5070,1886172.6314048015,19.28797967751923,1358850.49810013,16.371250707380042,False
e25f1537,2,3177,344806.7466519139,10.417878065944533,537330.1391000081,13.005049007414012,True
e2fc7745,1,3692,724116.688989931,14.004687817828925,657149.4229999958,13.341394284804746,False
e32da4ec,0,4689,436541.17051317554,9.648781859155786,552015.0022999763,10.850139553093255,True
e3b34f5b,1,5455,387350.78745899943,8.426647831018625,584019.69690004,10.347045761247115,True
e45a2a62,4,5007,3203590.3791828942,25.294709418812538,1977429.380499989,19.872920518687707,False
e46f4ef4,3,7195,666598.1444269326,9.625352673895303,174629.14619999775,4.926550809338883,False
e4726608,0,4733,170006.29654270614,5.993275627328617,186156.23210001356,6.271487164710907,True
e5864244,1,4469,1285184.7559703956,16.95811614781259,3211259.778999844,26.806032670999695,True
e5c92e59,4,4295,211863.29865050965,7.023381848121255,255402.48479999325,7.71135994039849,True
e5ff9fd2,0,2354,57607.72168813874,4.94694544100909,186093.0832000061,8.891230852152741,True
e6c55748,3,4472,615050.2075924069,11.72747152884374,394902.4429000074,9.397103554297912,False
e730c32b,2,4728,2279239.6751114316,21.956153791622267,642210.7458998635,11.654671854511827,False
e737965a,2,5955,462317.7771759533,8.811085464666158,583298.5492999892,9.897022674368223,True
e748dd88,2,4812,36828.4148664446,2.7664874477418127,119816.00360000136,4.989931749983482,True
e7818f7a,0,5371,2390163.871414455,21.095327037734698,214030.80360003264,6.312633342217896,False
e7c36e81,3,3531,258378.36445526627,8.554196329208725,190745.23869997042,7.349841849963589,False
e7d0c1de,4,4711,489144.14337662014,10.189711237743746,221714.28290001053,6.860255388151551,False
e85074c5,1,5675,167181.5327041479,5.427642298183481,730769.5881000807,11.347685731962262,True
e97032ad,3,3530,183815.55849098682,7.216120576395886,504864.6292000219,11.959144677460708,True
e9949a23,2,4559,616602.0668070773,11.62967804590616,611437.5804999969,11.580872171010277,False
ea0b99b7,4,9239,409427.3964297997,6.656960289623904,1366075.5755998888,12.15975654126152,True
ea3a0e38,1,10052,1280159.5031139087,11.285110146299745,856854.9431999957,9.232672132138228,False
ea41324e,2,5025,166127.68404523886,5.749803094967105,140845.08250000805,5.294230079936561,False
eabc711b,0,5348,2148192.6928641624,20.041993557806563,731897.267300014,11.698478022871637,False
eac10e86,4,6067,110245.74391414455,4.262789807527321,191457.49839995097,5.617579051148656,True
eafb863e,4,3568,69713.8114174654,4.420251607792871,646214.5529000806,13.457858083605023,True
eb06a4e7,4,4535,130940.64245418958,5.373392787152756,423983.8436000009,9.669099026629615,True
eb640a35,4,6037,865086.4346400837,11.970689416592156,600070.8230999983,9.969896905690025,False
eb934281,3,5971,672320.0330363854,10.611199761631115,58774.970100013845,3.1374200876783114,False
eba6605e,2,4410,205733.50129431568,6.830196746440246,1077585.4438000903,15.631712662756936,True
ebe69318,1,4976,263714.957703895,7.2799298732739155,115860.03539999954,4.825325809935079,False
ec0d597b,0,4616,684387.7051835691,12.176380177425882,1248076.462700057,16.44325138720608,True
ec13af42,2,5462,1143909.9181794329,14.471717124020053,649706.3348000114,10.906432170405786,False
ecdab904,2,6147,416251.6873141979,8.228987392038224,1759469.0672001601,16.918396989500764,True
ecdaf714,0,6592,4693299.896956292,26.682747942564458,1553603.1496001012,15.351875762973165,False
ed6436d6,2,2945,62093.626963621886,4.591777805729399,7705.420099997383,1.6175417954726792,False
ed6e6e54,1,6048,444138.5859533809,8.569458136710983,863949.26959999,11.951935194527213,True
edf885a3,4,3117,222774.56376177538,8.45404197515042,470706.6530000397,12.288723348140039,True
ee0300f7,0,4544,2436534.1498989025,23.156189235055997,2996669.8281001747,25.680311432467565,True
ee288beb,3,4638,3057299.726534245,25.674597067328925,3513108.1915999916,27.522025330807587,True
ee4aecac,1,5265,576620.0710926286,10.46515559793586,611702.5087999359,10.778813139095936,True
eeda36f5,4,4797,980649.1534464541,14.29789059670021,143537.08879996667,5.470124457464137,False
eeed308d,3,3899,241779.5619069224,7.8746847322575375,366110.8290000212,9.69013148078532,True
ef04658e,2,4104,392456.6277386141,9.778948474638918,979387.0343999933,15.448044048107809,True
ef8e3ed0,3,5224,1368681.8623132738,16.18637776336179,1118906.8511000555,14.635089490374893,False
efde6ac3,1,4559,1139533.86482613,15.809889042588582,474539.33150009747,10.202375669006345,False
efe96181,3,4012,2632564.9519447736,25.615868515955363,3042801.1686001453,27.539517372291407,True
f0188a48,0,4170,1018320.6604615075,15.626950989651673,150921.02979999164,6.015986492439641,False
f021b650,0,3739,115231.42020333179,5.5514665158815655,167067.72860001284,6.684494210561717,True
f03f10fe,3,4145,254882.73651952657,7.841658826618409,364612.129400012,9.378929872264584,True
f053a1b9,3,4108,362547.3339201425,9.394358739406833,413128.06039993605,10.028295659116962,True
f074d277,4,2453,69613.22653537225,5.327176764958053,364369.86969998374,12.187719616802815,True
f07d7037,3,5563,63292.59097191822,3.3730432299778395,312592.29799998127,7.4960867974462735,True
f08774c3,4,3900,749192.4617321221,13.860037201009405,510920.89229999884,11.44575716149874,False
f140c2fa,2,4082,836571.50331988,14.315780578499698,723823.3593000288,13.3161842942989,False
f16e25e3,1,4651,134348.55004301184,5.374565030537068,40881.92090000429,2.9647800324346743,False
f2d4c8c9,2,6249,1295040.3349342465,14.395819251692062,111789.04610002582,4.229551942410153,False
f321a31c,0,5141,680027.0896775748,11.501098022540955,810660.2273999886,12.557281531880928,True
f40cd091,2,5166,676530.8796062984,11.443703876877475,308584.5097000032,7.728760684292187,False
f439a621,0,2821,125791.13361074384,6.677647232875474,124981.87090000958,6.65613263851673,False
f49fdea3,4,5391,2999505.818700265,23.587949453745157,829758.579300086,12.40626946494166,False
f4d12d23,4,3701,594683.3618759057,12.676032716289997,954913.1749999693,16.062842467413066,True
f56d3ace,2,5432,201223.79501636486,6.086390135802366,258853.54839997727,6.90314793936432,True
f5859199,4,5790,2509210.565705162,20.817533486636037,1467744.7051998926,15.921573253079503,False
f5d8aab6,0,4444,751810.876430033,13.00670460313529,1095198.9519998669,15.698547978741031,True
f631da6e,2,4093,1062970.8940749168,16.115352672538762,315714.3354999913,8.782664213746434,False
f6824bb0,2,5015,1621917.833226334,17.983696134701315,2177504.072800081,20.837423542758717,True
f6bc699b,1,3752,403776.86695855396,10.37383418782777,423338.9858000023,10.622157035929634,True
f6d009f4,4,6715,9620830.005081166,37.851514584999514,14858219.486399204,47.03924865295554,True
f72b268f,4,6404,1775220.4692600654,16.649472821417373,1071997.9125000052,12.93812397222547,False
f8662c22,1,5429,1125750.1546381335,14.399953404980113,1326153.3356001524,15.629207250700455,True
f88ddb26,2,4990,23665477.10504545,68.86639661092656,13184962.8924996,51.40308485650886,False
f8afa78a,3,6032,1518712.7611338766,15.867450590804982,1307172.2565997713,14.720946843240096,False
f8f59188,2,4807,296624.68625555444,7.8553688979774,230473.49220003682,6.924261008500594,False
f9fc81aa,3,5598,838428.890814706,12.238175318335353,417798.26050000085,8.639067487231838,False
fa16d114,4,5686,1788158.2537953788,17.733707794913062,2463568.4378000414,20.815118518803075,True
fa31da94,3,5027,327041.1575137723,8.06578725931615,135318.9302999845,5.188297076747949,False
fa667be2,0,7296,773971.6336833953,10.299594088536852,565261.1422999176,8.802015991385062,False
fae0c593,3,4403,417105.65270264825,9.733044187144609,529953.3647999926,10.97095627674098,True
fb03ae90,3,6431,4297354.843082519,25.850047959089984,11828809.24620032,42.88755217158539,True
fb0904bd,0,3181,43911.01238417495,3.715394128709475,10292.218400001737,1.7987576836953807,False
fb3848a1,2,5919,258316.21255672036,6.606199156955157,587047.4069999581,9.958923975567506,True
fb73b13a,4,5640,545207.233346994,9.831986023942413,561513.7446999728,9.977934385041513,True
fba7683c,4,407,2578.6404784941697,2.5170868064860548,2657.5503999997018,2.555309739035002,True
fbd68d27,2,6829,3762967.2015849724,23.473976211368832,3333974.630699741,22.09543667740266,False
fc03f21f,3,4803,1139013.6638650687,15.399555086744522,800399.4590999716,12.90913373270699,False
fc0d20b2,1,3954,494917.25569339935,11.187884277255659,562949.6545000818,11.932087953866953,True
fcfcc902,2,2791,15448.925347651955,2.3527144455936804,216511.05999998702,8.80765155445474,True
fd3b4faa,2,5022,176397.47519950868,5.926630179171533,278503.5849000036,7.446926041471426,True
fd710aea,3,4217,224275.98250564426,7.292720739875734,218852.23150001027,7.203999750290396,False
fd8f77fa,2,5272,3126587.084422944,24.352724966254712,3962440.854800077,27.415343744152285,True
fde20ecf,1,4667,773775.5526562496,12.876226323745435,1242876.3809001003,16.31905728866344,True
fdfd57da,2,5236,90213.25822487846,4.150833998705867,96598.53909996517,4.29522046585047,True
febb4411,1,4247,1129915.1765733717,16.31104517268083,720801.4048999458,13.027667980552959,False
fef8af96,2,3826,3657530.0006996472,30.918717108188968,7594062.456999758,44.55173272632465,True
ff0aea78,3,3261,2207206.7970436285,26.016334813080324,3073016.773199971,30.697786830378174,True
ff8bb73a,4,5927,1640872.2579918946,16.638720353881208,576438.5424000572,9.861864748200674,False
ffefef30,4,4570,596634.3742498657,11.426047771191701,226211.4713000339,7.035568765607176,False
