well_id,pad_id,fold,representative_x,representative_y,total_rows,visible_rows,hidden_rows
000d7d20,000d7d20,0,2983514.050000,1071406.680000,5278,1442,3836
00bbac68,00bbac68,1,3008508.550000,1086905.960000,7559,1545,6014
00e12e8b,00e12e8b,2,2969586.005000,1062517.050000,6384,2083,4301
015fe0d2,015fe0d2,0,3000226.560000,1075559.775000,5950,1654,4296
01869cd4,01869cd4,0,2973619.735000,1065930.640000,6850,1293,5557
01982c1d,01982c1d,3,2995564.250000,1124173.730000,5587,1646,3941
028d7b28,028d7b28,4,3007596.480000,1069823.810000,7761,1527,6234
02e7fe5a,02e7fe5a,4,2985930.920000,1061506.420000,6888,1780,5108
0390d174,0390d174,1,3000849.010000,1125597.680000,6101,1690,4411
03a935ae,03a935ae,0,3034615.295000,1088685.080000,4430,1644,2786
044af7d1,044af7d1,1,3009910.000000,1108300.660000,6067,1548,4519
0498acab,0498acab,3,2991489.410000,1093218.885000,6432,1634,4798
052d64df,052d64df,1,2979945.125000,1098938.660000,4590,2145,2445
05948241,05948241,4,2957609.675000,1088894.325000,5428,1549,3879
059c8f24,059c8f24,1,2915385.610000,1064209.405000,7998,1740,6258
05a0ee4d,05a0ee4d,3,2993628.555000,1102850.035000,6098,1750,4348
060ab2b8,060ab2b8,3,2898849.225000,1028498.365000,7818,1560,6258
06df5958,06df5958,0,2905079.190000,1025452.940000,5039,1530,3509
071d7b45,071d7b45,4,2945548.365000,1079182.925000,4720,1509,3211
0849b4e2,0849b4e2,2,3021503.495000,1116118.900000,7436,1899,5537
084d66f9,084d66f9,3,2931101.725000,1055022.695000,5632,1747,3885
08fecf00,08fecf00,2,3021903.020000,1116172.100000,7405,1831,5574
09053135,09053135,2,2990964.060000,1086203.870000,7715,1808,5907
09441b8d,09441b8d,2,2906287.470000,1040806.050000,7395,1907,5488
0955cd6c,0955cd6c,3,3026948.350000,1118670.220000,7125,1930,5195
09ec2ca9,09ec2ca9,0,3004690.925000,1126292.700000,7824,1939,5885
0a57a29c,0a57a29c,3,2901704.815000,1033292.015000,7194,1373,5821
0bbf5e67,0bbf5e67,4,2899299.860000,1034481.520000,6031,1733,4298
0be01c24,0be01c24,1,3006837.020000,1114061.900000,6385,1647,4738
0c1b160c,0c1b160c,2,2972609.690000,1092707.625000,6714,1660,5054
0d99f8e4,0d99f8e4,2,2895946.700000,1034167.715000,7522,1699,5823
0dc5e64d,0dc5e64d,4,3012975.300000,1122125.460000,6191,1312,4879
0dc835f3,0dc835f3,2,2994046.920000,1124446.480000,5279,851,4428
0dd99dc5,0dd99dc5,4,3006879.010000,1077631.455000,9182,1840,7342
0e5e560d,0e5e560d,4,3010114.155000,1130279.100000,4896,1643,3253
109d9d70,109d9d70,2,3020329.590000,1106778.150000,5851,1636,4215
10a1281a,10a1281a,3,2902246.560000,1029332.220000,7353,1744,5609
10b89021,10b89021,0,2983730.985000,1058671.425000,7166,1752,5414
10be2420,10be2420,2,2953562.460000,1085603.760000,5203,1932,3271
113011eb,113011eb,4,3003465.820000,1071207.130000,4561,1289,3272
1131525f,1131525f,3,2903173.455000,1024460.425000,5548,1389,4159
11d0f5ac,11d0f5ac,0,2889685.545000,1030657.115000,6378,1495,4883
12203f2a,12203f2a,0,3014399.290000,1115938.940000,4991,1730,3261
122bd617,122bd617,1,2957631.880000,1088295.870000,6408,1838,4570
125be846,125be846,2,2981423.110000,1106385.280000,8033,1523,6510
1285a37b,1285a37b,4,3014728.440000,1083210.500000,7403,1806,5597
1295a25b,1295a25b,3,2973577.770000,1064785.880000,7037,1486,5551
12f0cd90,12f0cd90,4,2999508.500000,1112606.810000,7431,1484,5947
137d1e44,137d1e44,1,3017276.780000,1084001.760000,6313,1759,4554
13ce113d,13ce113d,0,2896407.910000,1041906.480000,4875,1909,2966
13f598d9,13f598d9,2,3006565.785000,1077545.400000,8934,1628,7306
14a53cb3,14a53cb3,1,2911619.050000,1040017.655000,8780,1861,6919
14ab73fb,14ab73fb,3,2904078.270000,1019000.350000,5279,1630,3649
14ad5efb,14ad5efb,3,2998218.500000,1112077.550000,7352,1510,5842
14fee784,14fee784,3,2991165.620000,1124333.405000,6406,1496,4910
153552f5,153552f5,4,3002157.840000,1092298.110000,6498,1803,4695
1550491d,1550491d,2,3005798.300000,1113480.510000,5929,1366,4563
155887bb,155887bb,3,3008010.825000,1085961.185000,7062,1477,5585
1590af81,1590af81,4,2990210.000000,1092266.370000,5231,1432,3799
15e154a1,15e154a1,0,2960179.340000,1078451.550000,7699,1631,6068
1619e2ca,1619e2ca,1,2995445.915000,1094442.925000,6002,1559,4443
16e4a047,16e4a047,3,3011957.170000,1102215.210000,5684,1553,4131
173ed841,173ed841,2,3022100.530000,1084646.185000,6530,1647,4883
1770d7c6,1770d7c6,4,3009287.280000,1078690.540000,9121,1881,7240
177622d7,177622d7,3,3007523.140000,1088937.050000,4699,1545,3154
18d24f7b,18d24f7b,2,2905271.260000,1039285.355000,6260,1702,4558
19137a89,19137a89,2,3003940.180000,1132797.910000,7958,1691,6267
1944513c,1944513c,2,3005567.790000,1113155.410000,6599,1877,4722
197f8a5a,197f8a5a,4,2880396.875000,1022687.135000,8248,1938,6310
19871e7f,19871e7f,3,3000004.880000,1074132.245000,7152,1859,5293
198a5607,198a5607,3,2969850.395000,1097984.900000,8094,1843,6251
19fb4f7b,19fb4f7b,1,3015037.480000,1083239.950000,7923,2303,5620
1a518997,1a518997,1,2909595.975000,1037362.440000,6544,1938,4606
1a68190b,1a68190b,3,2948714.785000,1012450.220000,6502,2028,4474
1a730ac2,1a730ac2,2,2990359.830000,1092571.320000,6049,1444,4605
1aaf1da0,1aaf1da0,1,3005745.150000,1107664.500000,6321,1517,4804
1b08ed48,1b08ed48,0,2987067.980000,1068414.960000,7175,1557,5618
1b1c5372,1b1c5372,2,2999846.915000,1125311.475000,5792,1531,4261
1b1eba53,1b1eba53,0,3035418.280000,1096598.230000,6710,2055,4655
1b6ba517,1b6ba517,3,2923957.590000,1020144.680000,8611,2014,6597
1b82b665,1b82b665,3,3000433.800000,1125383.375000,5364,1558,3806
1bcb2fcf,1bcb2fcf,2,3013936.560000,1096638.915000,6202,1678,4524
1beca81d,1beca81d,0,2977672.825000,1088721.555000,6650,1614,5036
1d3fbf02,1d3fbf02,4,2965365.630000,1063473.090000,4252,1558,2694
1d78281a,1d78281a,2,2949017.515000,1012561.365000,6810,1861,4949
1e30dedf,1e30dedf,2,2995568.300000,1129468.890000,5474,1403,4071
1e5e3573,1e5e3573,3,3026627.955000,1118656.130000,7126,1646,5480
1f9afacb,1f9afacb,4,3007366.650000,1101083.525000,7054,1726,5328
1fdbba44,1fdbba44,4,2948627.730000,1017876.690000,6333,1422,4911
1fee2b62,1fee2b62,0,2996935.330000,1072824.620000,6323,1682,4641
20096916,20096916,3,3000707.625000,1098498.320000,6880,1747,5133
200d233d,200d233d,3,3009838.570000,1102952.025000,5896,1970,3926
201661b5,201661b5,1,3026634.770000,1110734.950000,8136,2181,5955
203721ab,203721ab,0,2901352.950000,1022834.230000,7235,1505,5730
20402d71,20402d71,2,2883115.640000,1023718.150000,7930,1558,6372
2043abc5,2043abc5,2,2982621.440000,1107189.230000,8513,1555,6958
204cc64b,204cc64b,4,3021918.880000,1084584.885000,6454,1649,4805
206b6193,206b6193,1,2979174.520000,1095713.500000,8568,2033,6535
2075c696,2075c696,3,2901166.175000,1038802.085000,5580,2392,3188
22c5f93f,22c5f93f,1,3000378.780000,1098354.770000,6919,1747,5172
230eaaa3,230eaaa3,3,2982548.200000,1098673.320000,6451,1761,4690
2364716c,2364716c,3,2954211.050000,1073745.010000,6093,1777,4316
23b9beb0,23b9beb0,2,2985557.900000,1082159.220000,8790,1450,7340
24d8997e,24d8997e,2,2917383.835000,1047745.995000,5188,1746,3442
25050f63,25050f63,3,2886915.420000,1027588.140000,7155,1031,6124
25939962,25939962,2,3012487.030000,1096107.060000,6071,1752,4319
25fd32b3,25fd32b3,2,2918261.665000,1043389.070000,4546,1661,2885
261785ee,261785ee,2,2988234.865000,1091003.830000,5512,1866,3646
264feceb,264feceb,0,2901744.970000,1028878.830000,7408,1743,5665
26623a50,26623a50,3,3001124.390000,1112795.650000,7479,1744,5735
26d3a96a,26d3a96a,4,3021537.270000,1084437.420000,6465,1744,4721
272abef3,272abef3,2,2993798.020000,1093652.155000,5682,1547,4135
27300fd5,27300fd5,2,3014615.755000,1083348.920000,7386,1919,5467
276b012a,276b012a,1,3010481.390000,1071661.860000,6291,1454,4837
27c3155b,27c3155b,4,3035445.910000,1093310.650000,6941,1983,4958
27ebb9b9,27ebb9b9,3,2921845.000000,1018646.950000,7651,1885,5766
283269ac,283269ac,3,2979644.610000,1098640.050000,4567,1941,2626
28473855,28473855,4,2962728.435000,1079295.685000,6620,2330,4290
28f4eda9,28f4eda9,0,2885977.145000,1026992.050000,6824,1558,5266
29b24409,29b24409,0,2905474.850000,1036940.130000,7417,1830,5587
29de15c8,29de15c8,4,3012292.820000,1117521.400000,5164,1733,3431
2ab29395,2ab29395,1,2999635.740000,1088131.430000,3325,1473,1852
2ac7cb6b,2ac7cb6b,2,2993043.460000,1124462.430000,6451,1461,4990
2acc78d4,2acc78d4,4,3008522.140000,1108351.050000,6109,1843,4266
2b034622,2b034622,0,2858227.300000,1043154.570000,6761,1558,5203
2b06ad65,2b06ad65,0,3011751.075000,1118034.890000,5706,1450,4256
2b547943,2b547943,2,3000531.680000,1088016.190000,5131,1651,3480
2be5c96a,2be5c96a,2,2998578.200000,1092550.630000,5753,1543,4210
2bff06cf,2bff06cf,2,2922758.770000,1058785.210000,9174,1550,7624
2c0c4a4e,2c0c4a4e,4,2958936.620000,1077258.380000,6719,1929,4790
2cee0cba,2cee0cba,0,2896257.890000,1034333.950000,7335,1835,5500
2d0c268a,2d0c268a,4,3002745.370000,1119199.960000,6289,1739,4550
2d179ded,2d179ded,1,2868503.440000,1028122.860000,9225,2217,7008
2d196986,2d196986,4,2911985.575000,1040099.065000,8316,1842,6474
2d2d0c6b,2d2d0c6b,4,2921044.400000,1044383.590000,6967,1922,5045
2d35f86d,2d35f86d,1,3000418.365000,1105167.605000,6628,1732,4896
2d9f6cb9,2d9f6cb9,1,3008474.400000,1078575.910000,8627,1289,7338
2ddad940,2ddad940,1,2973280.705000,1063750.110000,6812,1481,5331
2e29e833,2e29e833,2,3023282.825000,1111272.720000,7254,1826,5428
2e43c2ea,2e43c2ea,2,2914929.910000,1045918.680000,7349,1651,5698
2e63d9de,2e63d9de,1,3023707.530000,1095305.630000,6505,1806,4699
2ee0235b,2ee0235b,0,2901566.170000,1028562.565000,7256,1700,5556
2f19d536,2f19d536,0,3002548.255000,1077343.110000,4744,1656,3088
2f8e53c3,2f8e53c3,1,3011863.230000,1108801.280000,4133,1539,2594
2fa01aa6,2fa01aa6,4,3022945.670000,1087008.970000,3860,1686,2174
2fd68f7b,2fd68f7b,4,2998276.520000,1125327.010000,6381,1651,4730
2fe023be,2fe023be,3,2989156.940000,1091513.240000,6060,1839,4221
30d75030,30d75030,1,2991872.910000,1116103.710000,5009,1605,3404
310c71a5,310c71a5,1,2905291.685000,1034435.530000,6988,1743,5245
32fe84c9,32fe84c9,4,2984625.530000,1069276.210000,8163,1755,6408
33c40295,33c40295,4,2987259.640000,1088201.590000,5989,1820,4169
3407f5bf,3407f5bf,1,2929977.970000,1053900.450000,5309,1671,3638
3417285d,3417285d,0,2983486.065000,1058503.030000,7458,2009,5449
347242c8,347242c8,2,3014944.710000,1117525.460000,5437,1842,3595
353e5502,353e5502,4,2920410.980000,1049543.120000,7901,1839,6062
357c12f9,357c12f9,2,2939496.625000,1066107.685000,5770,1691,4079
3584a6eb,3584a6eb,0,3010153.225000,1095092.325000,6150,1656,4494
35b30c7f,35b30c7f,3,2953268.060000,1075888.280000,11270,1691,9579
35b3ef6a,35b3ef6a,4,2936887.155000,1071262.620000,5736,1832,3904
367456ce,367456ce,2,2996021.095000,1118759.155000,7312,1743,5569
368131f9,368131f9,1,2998256.470000,1104314.760000,6568,1577,4991
368fe682,368fe682,0,2900629.925000,1028553.945000,6416,1480,4936
3690a146,3690a146,1,2911307.510000,1038556.950000,5761,1688,4073
37344c2a,37344c2a,2,2919935.710000,1042935.600000,6943,1746,5197
373ef48b,373ef48b,0,2905740.605000,1025783.080000,4992,1483,3509
374be387,374be387,2,2872826.230000,1029864.290000,11802,1837,9965
37d36812,37d36812,1,3008648.420000,1094702.250000,6017,1650,4367
38991fd4,38991fd4,0,2933888.570000,1057272.200000,6545,1747,4798
389ae58f,389ae58f,3,2973140.000000,1068854.520000,8201,1738,6463
3932faa6,3932faa6,1,2920908.620000,1018259.620000,7388,1936,5452
398dce4b,398dce4b,4,2952959.780000,1085072.090000,5005,1839,3166
39b51819,39b51819,0,2920697.285000,1050890.510000,6382,2151,4231
3a0af893,3a0af893,3,3021047.430000,1107088.495000,4580,1653,2927
3a223519,3a223519,0,2945569.210000,1012470.550000,6581,1998,4583
3a7dd95d,3a7dd95d,0,2916177.670000,1032065.570000,4320,1248,3072
3a824aa7,3a824aa7,4,3011522.005000,1095931.175000,5678,1477,4201
3a86fe8d,3a86fe8d,4,2989669.225000,1098654.805000,6572,1454,5118
3aaa2b30,3aaa2b30,2,2992174.910000,1117301.100000,6396,1685,4711
3ac16ad0,3ac16ad0,2,2890727.510000,1022163.850000,7412,1763,5649
3b21ea64,3b21ea64,0,3008952.660000,1078511.810000,9103,1727,7376
3bbe1f5d,3bbe1f5d,3,2906210.470000,1028460.975000,8184,1266,6918
3bfee975,3bfee975,0,3001179.950000,1088266.675000,5088,1485,3603
3c3dbcbc,3c3dbcbc,0,3001046.810000,1098605.980000,6911,1842,5069
3d96d897,3d96d897,3,2908021.960000,1029592.210000,7147,1488,5659
3df4b19e,3df4b19e,1,3006077.010000,1119283.040000,6658,1670,4988
3e011332,3e011332,2,2985806.760000,1086965.590000,4842,2119,2723
3e678ea7,3e678ea7,2,3017743.630000,1091525.120000,8737,1879,6858
3ef6372a,3ef6372a,1,2982893.310000,1099002.835000,6666,1939,4727
3ef98781,3ef98781,0,3012125.090000,1117763.190000,5343,1451,3892
3f603129,3f603129,1,3005376.820000,1133232.300000,6599,1548,5051
404c4384,404c4384,3,2955949.655000,1086071.365000,2612,1701,911
4121c517,4121c517,0,3007818.380000,1131000.010000,5471,1748,3723
41fb0192,41fb0192,0,3007292.440000,1075808.940000,4381,1408,2973
42669188,42669188,1,2969948.470000,1062639.625000,6080,1798,4282
42c538a1,42c538a1,1,2909040.660000,1022242.125000,4762,1483,3279
43b06c70,43b06c70,1,3005407.910000,1107461.225000,6590,1744,4846
43c7f85a,43c7f85a,0,2888068.805000,1019344.800000,7484,1506,5978
43e16325,43e16325,2,2928951.410000,1048821.610000,5845,2125,3720
44441e54,44441e54,2,3011782.380000,1107953.945000,5568,1211,4357
445af6c2,445af6c2,2,2909549.485000,1035260.880000,7998,1957,6041
4463446c,4463446c,3,2946432.450000,1072619.820000,4729,1473,3256
44a94013,44a94013,2,2888845.305000,1029838.360000,6492,1589,4903
45fb3e21,45fb3e21,4,2990730.455000,1092261.670000,5626,1977,3649
460f859e,460f859e,3,2914396.260000,1040462.910000,4982,1646,3336
4630ab92,4630ab92,4,3013723.530000,1102287.300000,5307,1934,3373
463c38f2,463c38f2,4,2935152.495000,1058612.545000,6048,1588,4460
4654e7de,4654e7de,0,2909072.895000,1030570.320000,7010,1637,5373
466fc788,466fc788,2,3009789.210000,1101588.000000,7767,1570,6197
46a301e9,46a301e9,1,2973988.375000,1095837.420000,9962,1736,8226
46a7190b,46a7190b,4,3025382.270000,1097658.345000,5646,1431,4215
46d24a09,46d24a09,1,2948924.060000,1017951.710000,6123,1674,4449
46d41ff6,46d41ff6,0,2991883.015000,1067424.745000,9226,1325,7901
46dfcfca,46dfcfca,3,3024996.830000,1097859.490000,4921,1315,3606
47222616,47222616,4,3009746.970000,1095094.030000,5835,1429,4406
47ee27ab,47ee27ab,3,2981129.590000,1105961.360000,8274,1877,6397
481de5fc,481de5fc,0,2922937.050000,1018791.670000,7694,1742,5952
48c1f673,48c1f673,0,2997527.425000,1129502.670000,4666,1749,2917
4936af16,4936af16,4,2990976.090000,1117758.160000,5559,1568,3991
493b5b31,493b5b31,2,3035331.535000,1093157.190000,6884,2213,4671
49dbc14c,49dbc14c,0,2911734.005000,1045024.565000,5198,1326,3872
4a035ec2,4a035ec2,3,3006846.890000,1075742.795000,4522,1934,2588
4a335117,4a335117,1,2914551.470000,1046837.300000,6727,1712,5015
4a8ecc0b,4a8ecc0b,1,3005340.750000,1100605.220000,7374,1565,5809
4b462989,4b462989,4,2927513.085000,1057296.760000,4738,1632,3106
4b831d20,4b831d20,3,3009608.630000,1078628.840000,9433,2121,7312
4c2208f5,4c2208f5,2,3034684.480000,1091190.635000,7248,1864,5384
4c3168cf,4c3168cf,2,3011576.510000,1118126.410000,5959,1625,4334
4c3df468,4c3df468,4,2885142.860000,1017488.700000,6903,1511,5392
4caa7289,4caa7289,2,2902093.415000,1033387.250000,6854,1458,5396
4cd1ac61,4cd1ac61,2,3004767.520000,1107010.930000,6709,2220,4489
4cecf7b3,4cecf7b3,0,3009358.290000,1101632.555000,7676,1657,6019
4ddde4c1,4ddde4c1,4,3006916.880000,1131767.680000,6417,1945,4472
4e050c92,4e050c92,4,3012353.445000,1107769.820000,5236,1531,3705
4ed93db6,4ed93db6,1,3007424.500000,1119330.170000,6496,1839,4657
4f3eb9e9,4f3eb9e9,0,3005376.010000,1119702.360000,5911,1214,4697
4f4ac5ce,4f4ac5ce,4,2897495.770000,1026781.080000,6899,1737,5162
4f4afcc6,4f4afcc6,4,2907253.740000,1028846.850000,7184,1539,5645
4f69febf,4f69febf,1,2886699.380000,1027129.820000,7599,2139,5460
4fbe9c06,4fbe9c06,1,2909741.735000,1035548.285000,7938,1651,6287
504c8b08,504c8b08,0,2912666.070000,1040362.685000,8012,1645,6367
511e1db0,511e1db0,1,2938538.320000,1061454.980000,5645,1824,3821
512943b2,512943b2,2,3004610.120000,1114282.930000,6681,1652,5029
5138a660,5138a660,3,3013072.300000,1107572.770000,4829,1270,3559
516088b7,516088b7,4,2981714.170000,1106643.775000,8300,1655,6645
521a7819,521a7819,4,2905655.965000,1039902.380000,7224,2024,5200
5254b6db,5254b6db,0,2920532.360000,1014970.520000,5115,1841,3274
529e88ca,529e88ca,1,3003544.050000,1137698.080000,5253,1836,3417
52f1e77a,52f1e77a,4,3023024.040000,1118282.910000,6053,1611,4442
5305524b,5305524b,4,2888402.100000,1029468.570000,6457,1559,4898
53134831,53134831,4,3025721.250000,1118728.120000,7214,2088,5126
5397ceb1,5397ceb1,0,2991631.060000,1086710.640000,6811,1556,5255
53f23031,53f23031,0,2985749.445000,1081692.120000,10200,1650,8550
543198e8,543198e8,0,2921822.020000,1058582.090000,8311,1808,6503
54753541,54753541,0,2945027.520000,1063982.840000,5679,1653,4026
54a7e3c2,54a7e3c2,1,2970092.190000,1098323.300000,7893,1738,6155
5542c301,5542c301,2,2927812.720000,1057560.010000,5433,1842,3591
5567d551,5567d551,4,2989163.190000,1104924.095000,8390,1501,6889
55efee7f,55efee7f,3,2935610.340000,1058744.530000,6577,1776,4801
5663b2b7,5663b2b7,3,2921900.120000,1018282.210000,6907,1935,4972
5693dde2,5693dde2,1,3020858.645000,1112274.915000,4846,1358,3488
56b00794,56b00794,1,2920038.760000,1043285.450000,7293,1228,6065
57796579,57796579,4,2937590.235000,1061192.820000,7622,1732,5890
577eec7c,577eec7c,1,2862848.150000,1040594.550000,6085,1546,4539
57f05c51,57f05c51,1,3035590.120000,1093411.095000,6478,1707,4771
58850d2c,58850d2c,0,3026374.560000,1096171.120000,6918,1923,4995
58fa8486,58fa8486,0,2920712.680000,1015918.965000,6126,1651,4475
591cc951,591cc951,1,2936346.570000,1059315.920000,6669,2060,4609
593876b6,593876b6,0,3006658.525000,1114046.500000,6366,1524,4842
59f8b2e8,59f8b2e8,2,2901764.215000,1010784.295000,5668,1921,3747
5a1a8fd8,5a1a8fd8,4,3001675.505000,1099430.720000,6814,1554,5260
5a5269a9,5a5269a9,1,2994809.310000,1111177.180000,8053,1540,6513
5a5d1982,5a5d1982,2,2908875.840000,1032841.915000,5446,1552,3894
5a63b5d1,5a63b5d1,1,2886210.335000,1010711.045000,8052,1835,6217
5aa03df7,5aa03df7,3,2978805.560000,1089114.630000,6752,1881,4871
5aa403d0,5aa403d0,1,2926962.100000,1056847.255000,4702,1584,3118
5aef5c6c,5aef5c6c,2,2968964.380000,1072944.240000,4853,1732,3121
5b7b6324,5b7b6324,4,2994723.730000,1067367.010000,8197,1633,6564
5bd25f59,5bd25f59,3,2997081.730000,1129259.625000,6120,1910,4210
5beded95,5beded95,2,2984093.960000,1101234.370000,4779,1722,3057
5cb483ac,5cb483ac,1,3012005.840000,1107764.520000,5206,1354,3852
5cdd8dbc,5cdd8dbc,0,2912002.080000,1043397.030000,5751,1741,4010
5d11dfb5,5d11dfb5,1,2981043.140000,1055494.040000,7643,1748,5895
5d7198fd,5d7198fd,2,3019158.710000,1107199.820000,4797,1429,3368
5def1ce5,5def1ce5,2,2908622.540000,1034308.520000,7997,1554,6443
5eae34a8,5eae34a8,1,2898567.925000,1034286.480000,6652,1748,4904
5f4d2a52,5f4d2a52,3,2998060.125000,1118493.505000,7112,1887,5225
5f6756c5,5f6756c5,2,3015885.005000,1108114.285000,8064,2133,5931
5f75f796,5f75f796,1,3016605.810000,1084256.590000,7324,1762,5562
5fb1c15f,5fb1c15f,1,2928556.410000,1057822.940000,4857,1997,2860
5fffa282,5fffa282,1,2989404.430000,1098444.140000,6223,2022,4201
60e37807,60e37807,2,2986123.330000,1087149.130000,4641,1942,2699
61f27424,61f27424,0,2980051.930000,1055226.570000,8341,2121,6220
62569ae3,62569ae3,4,3022226.050000,1117014.950000,5242,1654,3588
62a6f539,62a6f539,3,2917078.960000,1047549.850000,5253,1560,3693
633774dc,633774dc,3,2969502.715000,1097773.180000,7972,1739,6233
63559d57,63559d57,3,3014669.665000,1111756.840000,5810,1741,4069
647f2a41,647f2a41,2,2999099.315000,1092848.470000,5836,1955,3881
65156b96,65156b96,0,2925989.920000,1056846.620000,5046,1825,3221
653612bc,653612bc,3,3025048.705000,1118506.190000,5946,1341,4605
656a067b,656a067b,3,3007966.110000,1131141.590000,4896,1845,3051
65a5466a,65a5466a,1,2999210.050000,1125215.340000,6117,1434,4683
660d9546,660d9546,2,3023974.775000,1118247.865000,6140,1408,4732
6767c111,6767c111,0,3005409.685000,1137131.940000,8354,1571,6783
67847288,67847288,4,3007179.245000,1077824.905000,9174,1745,7429
67a8da4a,67a8da4a,4,3021040.410000,1084114.690000,6645,1734,4911
684a6fc1,684a6fc1,4,2961370.600000,1077006.790000,11449,1631,9818
698930d1,698930d1,1,3007159.340000,1131518.720000,6498,1757,4741
699ea575,699ea575,0,3012222.390000,1102309.225000,5474,1354,4120
69c1bdad,69c1bdad,4,2979257.130000,1098321.910000,4645,1931,2714
69e41fa6,69e41fa6,0,3021718.600000,1115979.690000,7167,1395,5772
6a0ff78e,6a0ff78e,3,2908906.775000,1034498.230000,7890,1425,6465
6a8fa194,6a8fa194,2,2910211.810000,1017496.380000,4657,1640,3017
6ae68655,6ae68655,1,2989617.255000,1059277.440000,5948,1744,4204
6d1d74e1,6d1d74e1,0,2885718.765000,1017654.100000,7316,1486,5830
6d590e26,6d590e26,4,2995110.240000,1117932.665000,7842,1746,6096
6d6d93af,6d6d93af,1,2902116.360000,1011496.450000,5305,1710,3595
6dbe4b60,6dbe4b60,2,3004980.820000,1114254.710000,6673,2025,4648
6e6d122c,6e6d122c,2,3010111.050000,1089404.390000,7083,1451,5632
6e9ccd38,6e9ccd38,2,2869614.090000,1028870.060000,9619,1337,8282
6ea22614,6ea22614,3,2992879.640000,1118229.065000,7894,1923,5971
6ede926a,6ede926a,1,2902530.540000,1033385.630000,6621,1683,4938
708caea9,708caea9,2,3005960.915000,1137374.815000,8482,1934,6548
70925e23,70925e23,3,3024110.595000,1078114.295000,8072,2125,5947
70e1788b,70e1788b,2,2871714.025000,1029507.235000,11338,2053,9285
71642c7d,71642c7d,3,2944918.950000,1012487.850000,6657,2009,4648
71ccf778,71ccf778,0,2910987.940000,1018071.820000,4623,1925,2698
7224331b,7224331b,3,2982066.335000,1055773.915000,7566,1503,6063
722cf0d8,722cf0d8,2,2887420.820000,1027956.520000,7275,2132,5143
7256229b,7256229b,3,2997083.555000,1119131.540000,6972,1557,5415
726f3dc2,726f3dc2,2,2981006.700000,1105807.240000,8619,1896,6723
7271dd80,7271dd80,1,2958128.070000,1077026.570000,5765,1425,4340
727a3a10,727a3a10,2,3035218.410000,1098462.420000,6342,1945,4397
729665c0,729665c0,3,2999482.900000,1093022.660000,5775,1512,4263
729e9750,729e9750,1,2888895.510000,1020234.530000,7427,1508,5919
729f4217,729f4217,3,2910130.405000,1035638.790000,7592,1397,6195
72dd8501,72dd8501,4,3007087.300000,1101371.340000,6928,1735,5193
73348914,73348914,1,2944822.805000,1012201.030000,5686,1465,4221
739a914f,739a914f,0,3008921.990000,1114377.510000,7319,1814,5505
73b1447d,73b1447d,1,3009625.425000,1089405.215000,7522,1852,5670
74b6186b,74b6186b,0,2957772.785000,1089212.810000,5148,1743,3405
75c20ec7,75c20ec7,0,3003272.160000,1092353.910000,7205,1844,5361
75cd5f11,75cd5f11,2,2909927.510000,1037520.880000,6410,1464,4946
75d20a82,75d20a82,3,2921870.660000,1018319.460000,7002,1935,5067
76201745,76201745,3,2999535.325000,1125145.880000,5858,1410,4448
764072a5,764072a5,3,2909820.665000,1041536.735000,4594,1645,2949
77b0d905,77b0d905,2,3010861.190000,1095542.040000,5923,1749,4174
77e4821c,77e4821c,1,2921674.710000,1044817.190000,6540,1147,5393
7850c72e,7850c72e,1,3036334.310000,1093668.520000,7712,2215,5497
78a4a386,78a4a386,1,2981301.735000,1105761.610000,6246,1127,5119
79507629,79507629,4,2999792.870000,1073850.575000,7320,2018,5302
796dbd4c,796dbd4c,2,2993206.770000,1118387.030000,8069,1821,6248
7987f2f2,7987f2f2,1,3014192.090000,1111952.720000,5714,2009,3705
7993a768,7993a768,0,2986226.430000,1061392.160000,7047,1560,5487
7a5660b0,7a5660b0,4,3019304.350000,1089919.710000,6936,1938,4998
7acda2df,7acda2df,2,2916682.095000,1042048.375000,4552,1461,3091
7b2c7b3c,7b2c7b3c,1,2986662.670000,1087537.110000,4231,1647,2584
7b38844c,7b38844c,3,3011671.140000,1107767.530000,5197,1448,3749
7bb17b96,7bb17b96,1,3013613.030000,1107654.640000,5295,1373,3922
7c607683,7c607683,2,2906653.810000,1040907.550000,7001,1673,5328
7cbbd047,7cbbd047,3,3017004.750000,1111877.960000,6790,1669,5121
7cd4bb31,7cd4bb31,0,2905769.770000,1027866.350000,7959,1520,6439
7d50373e,7d50373e,2,2902213.135000,1023943.645000,6494,1372,5122
7d57c75d,7d57c75d,0,3003941.830000,1130189.390000,6147,1742,4405
7e208414,7e208414,3,3010766.390000,1108001.895000,5732,1506,4226
7e721392,7e721392,3,2885744.420000,1010561.870000,8301,2127,6174
7ff89f8f,7ff89f8f,0,2869521.200000,1028192.970000,9539,2202,7337
8050c789,8050c789,3,3007194.055000,1084646.945000,4940,1863,3077
807f0298,807f0298,1,3006248.120000,1138894.020000,5499,1752,3747
811f52b3,811f52b3,3,2905180.870000,1034024.065000,6674,1838,4836
81bf5923,81bf5923,3,3035579.880000,1098920.845000,6386,1843,4543
81fc01c6,81fc01c6,3,2954553.230000,1088108.410000,7655,1746,5909
8255c867,8255c867,0,2915362.540000,1040796.360000,5338,1749,3589
82aab6d2,82aab6d2,0,2980842.300000,1055532.700000,7889,1749,6140
82fcf37c,82fcf37c,2,2882188.000000,1023205.160000,7397,1383,6014
833af382,833af382,0,2915907.100000,1041232.240000,5377,1749,3628
8382f4b6,8382f4b6,3,3009796.415000,1119398.315000,6680,1713,4967
84633df4,84633df4,4,2991759.130000,1124205.730000,6719,1747,4972
8478df29,8478df29,2,2992027.330000,1124270.355000,6698,1841,4857
84815d5a,84815d5a,4,3013525.680000,1102301.160000,5286,1639,3647
84c3b497,84c3b497,1,2888713.170000,1010665.790000,6887,1575,5312
85380836,85380836,0,2906195.630000,1040406.840000,8175,1557,6618
8612b37f,8612b37f,0,2999631.380000,1104697.970000,6807,1642,5165
861e71df,861e71df,0,3007110.335000,1114129.050000,6284,1584,4700
86454a6f,86454a6f,4,3002694.390000,1086091.495000,9100,1136,7964
8648abae,8648abae,4,3015677.335000,1107575.690000,6086,1842,4244
865033f8,865033f8,4,2916588.030000,1047090.300000,5303,1746,3557
87695469,87695469,0,2874887.860000,1045706.240000,8654,1651,7003
877ed19c,877ed19c,1,3012221.730000,1113106.190000,5631,1923,3708
87aa3730,87aa3730,1,2906976.370000,1028629.000000,7293,1686,5607
884ecb5f,884ecb5f,0,2909074.555000,1034788.310000,8054,1330,6724
8902c3f6,8902c3f6,3,2946294.450000,1066697.270000,6533,1574,4959
896d15b9,896d15b9,1,2912993.645000,1018008.340000,5698,1419,4279
8995c945,8995c945,3,3006234.225000,1137628.090000,8198,1474,6724
89969c7a,89969c7a,1,2994787.570000,1123965.030000,6317,1370,4947
89f1085d,89f1085d,4,3001501.730000,1066101.980000,7497,1503,5994
89f36adf,89f36adf,3,3025382.260000,1118675.400000,7041,1749,5292
89fdb2f2,89fdb2f2,2,3011881.375000,1109081.890000,3570,1539,2031
8a3da6d1,8a3da6d1,4,3007781.650000,1107346.640000,6334,1741,4593
8a89da23,8a89da23,1,2911872.820000,1039000.600000,5575,1640,3935
8a9c8932,8a9c8932,3,2900092.435000,1028133.795000,6344,1681,4663
8ac2f237,8ac2f237,0,3008767.700000,1119536.610000,6775,1456,5319
8b12bab6,8b12bab6,1,2999695.120000,1098060.645000,6980,1746,5234
8b5be31b,8b5be31b,4,2952420.740000,1086319.950000,7439,1767,5672
8b95d6d1,8b95d6d1,0,2946233.490000,1069057.790000,2783,1052,1731
8b9d8326,8b9d8326,1,3001594.805000,1075458.165000,7832,1669,6163
8bb9c1e6,8bb9c1e6,0,2905014.165000,1033709.070000,6382,1836,4546
8bda1a11,8bda1a11,0,2889241.045000,1020607.335000,7438,1457,5981
8bfa881d,8bfa881d,0,3012690.860000,1096297.750000,5843,1754,4089
8c167025,8c167025,3,2943149.470000,1062107.860000,7113,1745,5368
8c8348e8,8c8348e8,1,3025194.650000,1097689.710000,5581,1693,3888
8cc21f01,8cc21f01,4,2966262.950000,1063236.025000,5806,1762,4044
8cc800b3,8cc800b3,2,2990901.480000,1109641.770000,8091,1515,6576
8d5d46d7,8d5d46d7,4,2905412.610000,1034827.745000,7282,1527,5755
8d92cb49,8d92cb49,1,2989577.820000,1091538.970000,4839,1250,3589
8f201368,8f201368,3,2905981.340000,1040098.000000,8151,1802,6349
90386ee4,90386ee4,1,2906433.035000,1026637.140000,5304,1464,3840
91abc4c7,91abc4c7,3,2898285.650000,1028062.520000,7787,1939,5848
91b301ce,91b301ce,3,2919695.835000,1056334.795000,8512,1942,6570
91db7070,91db7070,0,3014052.140000,1097343.645000,5646,1573,4073
925a7cd1,925a7cd1,4,3001802.410000,1092172.380000,6501,1984,4517
9283ae69,9283ae69,3,2926122.035000,1061819.890000,5118,1747,3371
9298ad5b,9298ad5b,0,2976650.600000,1094638.920000,5807,1843,3964
9314ff13,9314ff13,3,2911312.985000,1018414.960000,4494,1746,2748
93209a3d,93209a3d,2,3004375.920000,1106777.230000,6300,1603,4697
939d9c34,939d9c34,2,2993148.880000,1102422.780000,6627,1526,5101
93f5d2e6,93f5d2e6,1,2929695.570000,1053457.830000,5171,1480,3691
940a48d9,940a48d9,2,2991343.660000,1117812.300000,5627,1664,3963
940e709a,940e709a,4,2925754.790000,1061528.410000,4989,1641,3348
9426ec1e,9426ec1e,4,3012750.180000,1107086.650000,3923,1391,2532
94467f50,94467f50,4,2938052.775000,1066163.675000,5116,2081,3035
944f36b9,944f36b9,4,2999568.590000,1125136.280000,6035,1405,4630
94d813a4,94d813a4,4,3020677.400000,1084009.340000,6591,1744,4847
95b559e7,95b559e7,1,3023623.960000,1119404.370000,4638,1751,2887
95c8427f,95c8427f,1,2912687.060000,1040916.100000,8051,1716,6335
96936c22,96936c22,2,3007111.840000,1088674.570000,4997,1651,3346
96ae5806,96ae5806,3,2993615.770000,1067477.320000,11527,1688,9839
96b7eea1,96b7eea1,4,2985486.825000,1110242.920000,6078,1746,4332
9719aa04,9719aa04,1,3006490.070000,1132077.720000,6665,1794,4871
974802e7,974802e7,2,2869667.330000,1049058.740000,7537,1694,5843
97cd5bf9,97cd5bf9,3,2956180.710000,1087846.100000,5099,1650,3449
98177ced,98177ced,4,3035998.180000,1093691.780000,6789,2017,4772
9896fc0b,9896fc0b,3,2930481.690000,1054130.860000,5109,1514,3595
98bc6f66,98bc6f66,0,2881433.235000,1022441.880000,7720,1657,6063
992c99e8,992c99e8,0,3006414.430000,1119235.420000,6740,1836,4904
992ce078,992ce078,4,2910637.290000,1017775.680000,4661,1782,2879
99529c45,99529c45,1,2896225.490000,1025623.270000,7591,1751,5840
995ff498,995ff498,0,2905015.370000,1036389.190000,6127,1601,4526
999daf80,999daf80,2,2916365.640000,1046798.070000,5439,1875,3564
9a6b0392,9a6b0392,2,2998090.595000,1125166.875000,5802,1547,4255
9a8ae0d6,9a8ae0d6,2,3008962.570000,1101454.610000,7835,1541,6294
9a95e33f,9a95e33f,4,2887926.810000,1010795.630000,8156,1709,6447
9ab94eeb,9ab94eeb,0,2921283.715000,1051391.560000,6372,1930,4442
9ad5410a,9ad5410a,0,3003134.890000,1106645.120000,5749,1544,4205
9ae248be,9ae248be,1,2948328.010000,1017722.700000,6655,1384,5271
9af1ffd0,9af1ffd0,2,2951389.660000,1083540.345000,5454,1929,3525
9b5b61c1,9b5b61c1,1,2973524.910000,1093676.660000,7215,1683,5532
9b9e3b49,9b9e3b49,0,3008549.130000,1113134.710000,6875,1757,5118
9bd2bba3,9bd2bba3,3,3007892.385000,1078108.040000,9092,1653,7439
9c211c53,9c211c53,3,2868516.235000,1048867.915000,8842,1577,7265
9c350a6a,9c350a6a,2,2997654.770000,1098423.865000,7794,1742,6052
9c8375f7,9c8375f7,2,2916256.805000,1041526.205000,5432,1758,3674
9d072e4c,9d072e4c,1,3001145.770000,1099560.305000,6798,1691,5107
9d3ec64c,9d3ec64c,4,2953935.470000,1080455.220000,4937,1457,3480
9d4272e3,9d4272e3,2,2999099.030000,1071635.390000,5771,1741,4030
9d5e14d4,9d5e14d4,0,2889297.240000,1030145.530000,6565,1165,5400
9da441ba,9da441ba,1,2998578.910000,1112165.590000,7283,1500,5783
9dede370,9dede370,4,2980659.210000,1055453.280000,8057,1760,6297
9def2eb2,9def2eb2,2,2984862.240000,1082651.410000,7750,1747,6003
9df1b1f9,9df1b1f9,1,3014763.565000,1107351.970000,6444,1743,4701
9dfff011,9dfff011,1,2985618.870000,1093120.550000,6067,1748,4319
9e3e364d,9e3e364d,3,3013075.490000,1113530.000000,5809,1519,4290
9efc812e,9efc812e,3,2942493.095000,1057210.875000,6100,1650,4450
9f0c7bae,9f0c7bae,2,2950015.115000,1013171.820000,4040,1498,2542
9ffce529,9ffce529,2,2924415.540000,1021158.380000,6675,1463,5212
a0383629,a0383629,4,2895365.180000,1033758.000000,7687,1855,5832
a056d01e,a056d01e,0,2973158.375000,1067104.490000,8292,1735,6557
a08d9e63,a08d9e63,0,2929002.860000,1052891.990000,5199,1514,3685
a0b83014,a0b83014,4,3007859.630000,1120373.150000,6873,1838,5035
a0e92ed6,a0e92ed6,3,3011040.385000,1118541.270000,6446,1549,4897
a15bc102,a15bc102,2,2960734.620000,1085747.155000,5124,1888,3236
a247e7cf,a247e7cf,2,2889680.400000,1020896.340000,7237,1563,5674
a2e8e7f6,a2e8e7f6,4,2947230.830000,1067919.515000,5812,1052,4760
a3518960,a3518960,1,3024075.720000,1111377.910000,6992,2025,4967
a3f71395,a3f71395,1,2946066.040000,1017533.120000,7040,1497,5543
a4719920,a4719920,0,2989871.870000,1086021.800000,7495,1611,5884
a48640d9,a48640d9,0,3009860.400000,1071223.690000,6586,2054,4532
a4cdbb0f,a4cdbb0f,2,2887662.720000,1028590.760000,6759,1555,5204
a4f989c2,a4f989c2,4,2973882.750000,1093843.875000,7024,1639,5385
a5aa7973,a5aa7973,2,3007446.970000,1131108.410000,6449,1833,4616
a5e6f7dc,a5e6f7dc,1,2991952.460000,1110088.870000,7331,1682,5649
a612d5a0,a612d5a0,1,2973248.610000,1093387.045000,7160,1831,5329
a622ce4d,a622ce4d,3,2995381.970000,1111382.700000,8047,1749,6298
a645da9a,a645da9a,3,3017870.900000,1111795.475000,6766,1613,5153
a692b17e,a692b17e,1,2909117.590000,1041308.510000,5409,1843,3566
a6b8ac67,a6b8ac67,2,2946774.290000,1017633.080000,7017,1564,5453
a6ed2eff,a6ed2eff,2,3010104.235000,1119293.720000,7054,1779,5275
a6f967fb,a6f967fb,3,3035569.630000,1093428.555000,7032,2362,4670
a76db406,a76db406,4,2946535.680000,1067231.460000,6451,1779,4672
a7744f5b,a7744f5b,4,2908455.570000,1032835.450000,6017,1640,4377
a783cc24,a783cc24,3,2939245.520000,1067695.230000,3275,1386,1889
a79fd2e7,a79fd2e7,4,3007992.510000,1107297.250000,6327,1923,4404
a7fc3e6b,a7fc3e6b,2,2951533.155000,1071591.820000,6378,1614,4764
a85bb86f,a85bb86f,1,2918284.820000,1048455.705000,5100,2001,3099
a85e4bc3,a85e4bc3,0,2861952.680000,1039791.630000,5993,1412,4581
a87433c9,a87433c9,0,3004227.815000,1100494.440000,7460,1739,5721
a8ed028a,a8ed028a,2,3034468.260000,1091140.695000,7310,1772,5538
a959858c,a959858c,3,3020281.275000,1107234.095000,5770,1366,4404
a9c9b150,a9c9b150,1,2984988.035000,1110344.830000,5826,1840,3986
aa95015b,aa95015b,1,3001286.610000,1114649.050000,5761,1461,4300
aaaf3c03,aaaf3c03,3,2909329.745000,1016933.390000,4728,1731,2997
aaeffccb,aaeffccb,1,3007784.200000,1089840.235000,4586,1874,2712
ab112491,ab112491,0,2998298.720000,1088046.180000,7178,1993,5185
ab18d3fc,ab18d3fc,3,3010758.860000,1089718.300000,7337,1643,5694
ab3ced07,ab3ced07,4,3012152.260000,1096007.250000,6008,1758,4250
ab6fe95d,ab6fe95d,4,2857773.770000,1042895.475000,7424,1933,5491
ab94878e,ab94878e,1,2937828.115000,1061415.515000,7652,1648,6004
abf460d2,abf460d2,1,3007346.960000,1088846.450000,4763,1546,3217
ac6f01d5,ac6f01d5,3,3015975.400000,1091407.930000,6729,1725,5004
ad2133a8,ad2133a8,2,2923352.810000,1019040.240000,7187,1458,5729
add9c322,add9c322,4,2990312.630000,1117279.080000,5519,1587,3932
ae069086,ae069086,3,2935996.800000,1058983.130000,6741,1971,4770
ae0784a8,ae0784a8,1,2992524.110000,1067659.350000,9171,1348,7823
ae35f33a,ae35f33a,2,2945260.300000,1012413.130000,6469,2019,4450
ae8959c3,ae8959c3,3,2996195.780000,1129378.040000,6645,2127,4518
aed44918,aed44918,0,3001279.110000,1067549.760000,4020,1301,2719
aee6393a,aee6393a,1,2920588.635000,1043835.055000,7146,1281,5865
af7a59ce,af7a59ce,4,2904235.745000,1024876.050000,4330,1306,3024
aff4e561,aff4e561,4,2881877.090000,1022775.860000,7723,1697,6026
b04b58a3,b04b58a3,0,2943791.800000,1071912.910000,5229,1827,3402
b0d42b0d,b0d42b0d,0,2983430.860000,1108609.840000,6357,1386,4971
b0f53bf4,b0f53bf4,3,2998576.150000,1091642.730000,4202,1447,2755
b19b0395,b19b0395,0,2900863.865000,1022321.670000,7196,1383,5813
b1efb8a4,b1efb8a4,3,3006238.970000,1100608.685000,7562,1564,5998
b32902c0,b32902c0,4,2989954.600000,1117172.970000,5737,1929,3808
b32e4903,b32e4903,2,2902012.875000,1029085.110000,7420,1650,5770
b3388334,b3388334,3,2888323.250000,1010700.800000,7807,1727,6080
b37fd114,b37fd114,3,2987242.000000,1082240.235000,9786,1625,8161
b38e3116,b38e3116,1,3006593.800000,1100657.460000,7954,1743,6211
b4d8dd4f,b4d8dd4f,0,2915112.950000,1047096.530000,5909,1650,4259
b4f37e6e,b4f37e6e,1,2917377.080000,1042854.200000,4499,1507,2992
b56bc0aa,b56bc0aa,0,2914463.810000,1045483.400000,7431,1829,5602
b585b4fa,b585b4fa,0,2905195.080000,1038892.460000,5999,1705,4294
b5aa9634,b5aa9634,4,3008972.800000,1078751.580000,8747,1421,7326
b7974e66,b7974e66,3,2987381.745000,1068393.100000,7170,1612,5558
b7cdcecb,b7cdcecb,2,2887199.060000,1018593.315000,7620,1452,6168
b7fea9ef,b7fea9ef,3,2939727.860000,1067000.570000,5575,1709,3866
b85f7b06,b85f7b06,0,3011927.870000,1113033.190000,5453,1650,3803
b881d27e,b881d27e,2,2906108.455000,1026422.800000,5442,1433,4009
b8c49c1a,b8c49c1a,4,2944568.260000,1063775.585000,6254,1935,4319
b95e7121,b95e7121,3,2999202.350000,1112465.260000,7492,1186,6306
b977be4a,b977be4a,4,2996525.900000,1111459.330000,7495,1578,5917
ba48188d,ba48188d,4,3010220.380000,1087237.660000,5534,1368,4166
bb2cdd83,bb2cdd83,4,2905078.500000,1038521.860000,5665,1840,3825
bb337fa0,bb337fa0,1,2988753.180000,1104721.170000,8216,1343,6873
bb682ebd,bb682ebd,1,3007627.030000,1131058.570000,5931,1792,4139
bc4381e2,bc4381e2,0,2984282.780000,1058759.860000,6885,1930,4955
bcebcc5f,bcebcc5f,4,2960242.640000,1078380.440000,7889,1631,6258
bd2c2f34,bd2c2f34,4,2872359.260000,1029896.160000,11621,1798,9823
bd4ae5da,bd4ae5da,3,3008219.530000,1113130.140000,6905,1899,5006
bd6f0e19,bd6f0e19,1,3005768.610000,1120293.270000,6979,1839,5140
bd8f847e,bd8f847e,2,2946177.820000,1012303.460000,6161,1200,4961
be063506,be063506,3,3001541.670000,1105578.650000,6539,2039,4500
be35c8f2,be35c8f2,1,3014746.440000,1097039.815000,5898,1672,4226
be83e781,be83e781,2,2905468.150000,1025614.655000,4776,1555,3221
beda8696,beda8696,3,2885128.820000,1025439.435000,7868,1956,5912
bf39bc20,bf39bc20,1,2914007.260000,1040137.730000,5047,1744,3303
bf70b410,bf70b410,4,2884335.850000,1024724.235000,8000,1653,6347
bffe3082,bffe3082,1,2995457.530000,1097595.900000,7186,1463,5723
c03b9305,c03b9305,3,2937799.310000,1071812.030000,6067,1812,4255
c03d4aed,c03d4aed,4,2947669.300000,1012416.900000,6375,1734,4641
c03fba65,c03fba65,0,2960569.600000,1092433.240000,5669,1970,3699
c07fd0cd,c07fd0cd,0,3022943.780000,1085336.510000,6035,1844,4191
c1708b88,c1708b88,2,2981741.190000,1082845.980000,7960,1645,6315
c1d046f4,c1d046f4,3,3002683.000000,1113393.680000,6917,1404,5513
c2717d4f,c2717d4f,3,3005945.365000,1113099.400000,6682,1961,4721
c2c4db09,c2c4db09,1,2996807.330000,1111860.360000,7851,1812,6039
c2c6fc71,c2c6fc71,2,3006741.670000,1087237.795000,8840,1721,7119
c36625df,c36625df,3,3007503.030000,1113174.950000,6386,1644,4742
c3957531,c3957531,3,3019822.375000,1089965.015000,7254,1938,5316
c42fe306,c42fe306,3,2897793.260000,1026980.060000,7023,1928,5095
c43812e2,c43812e2,4,2983127.900000,1055798.840000,7293,1766,5527
c472c0b5,c472c0b5,1,2997314.500000,1129459.880000,4867,1813,3054
c47e0767,c47e0767,0,3008322.080000,1094576.470000,6099,1743,4356
c50b42f6,c50b42f6,3,2891855.085000,1023637.330000,7920,1906,6014
c593337f,c593337f,3,2995086.720000,1073596.040000,7118,1910,5208
c59b6c4a,c59b6c4a,3,2885822.635000,1026392.230000,7460,1961,5499
c66be2b8,c66be2b8,2,2995703.180000,1117281.610000,6207,2053,4154
c6797dd7,c6797dd7,2,3009795.160000,1102244.020000,6281,1617,4664
c6b782a4,c6b782a4,0,2934193.420000,1057441.760000,6675,1798,4877
c6c96179,c6c96179,3,2910245.170000,1037415.500000,5813,1809,4004
c70c0e01,c70c0e01,0,3003403.000000,1070443.160000,6057,1745,4312
c84c65be,c84c65be,0,2874006.000000,1046043.030000,10243,1747,8496
c8d9680c,c8d9680c,0,2994674.060000,1117977.170000,7741,1460,6281
c908edd0,c908edd0,2,3008274.390000,1119570.300000,6751,1458,5293
c9578d27,c9578d27,2,2904704.990000,1033544.745000,6202,1715,4487
c96c018a,c96c018a,0,3002309.880000,1113465.170000,7679,1443,6236
c99f9fae,c99f9fae,2,3019368.265000,1111493.035000,8394,2033,6361
c9e6734f,c9e6734f,3,2942133.160000,1056692.880000,6388,1653,4735
c9e980e8,c9e980e8,0,3007974.785000,1114127.790000,6262,1903,4359
c9fedcf3,c9fedcf3,1,2990133.005000,1068770.600000,5210,1693,3517
cad13e8f,cad13e8f,0,3035885.490000,1093637.585000,6866,2018,4848
cb34231f,cb34231f,3,3036387.200000,1093600.195000,7510,1901,5609
cb879f40,cb879f40,0,2994538.980000,1117769.790000,7904,1589,6315
cbb406b5,cbb406b5,1,3005829.400000,1125728.460000,8135,1807,6328
cbe51de1,cbe51de1,0,3012530.545000,1113284.600000,5362,1399,3963
cbe62450,cbe62450,1,2994871.460000,1117926.300000,7858,1600,6258
cc08aa63,cc08aa63,3,2911699.375000,1042960.225000,5018,1744,3274
cc8a1d57,cc8a1d57,4,2923893.280000,1019107.640000,8321,1683,6638
ccedb12b,ccedb12b,0,3021760.640000,1084402.750000,6427,2026,4401
cd7f1687,cd7f1687,2,2988761.640000,1091395.060000,5981,1749,4232
cda7eb37,cda7eb37,4,2922055.110000,1018743.440000,7620,1647,5973
cdc31d65,cdc31d65,4,3009316.345000,1089408.020000,6608,1768,4840
cdc60a53,cdc60a53,4,2905678.350000,1037256.550000,7631,1753,5878
ce55ba43,ce55ba43,4,2990161.010000,1104009.910000,5658,1554,4104
ce8399b7,ce8399b7,0,2937760.410000,1062309.270000,3548,1933,1615
cf50c9d1,cf50c9d1,3,2933402.090000,1056782.985000,6634,1776,4858
d00e7eb9,d00e7eb9,1,2892126.300000,1032079.160000,7321,1617,5704
d011f41b,d011f41b,2,2972881.570000,1095034.075000,3906,1639,2267
d07aed8f,d07aed8f,1,3022961.280000,1092939.350000,4709,1752,2957
d085e611,d085e611,4,2995636.780000,1118915.895000,7852,1661,6191
d0a0e7b5,d0a0e7b5,2,2990647.930000,1117336.390000,5423,1607,3816
d0a43760,d0a43760,4,2943241.050000,1058046.715000,5502,1461,4041
d0cb63ae,d0cb63ae,4,3006228.470000,1138199.260000,6859,1636,5223
d114d9c2,d114d9c2,0,2882548.000000,1023551.730000,7543,1337,6206
d1457cc5,d1457cc5,4,2867811.510000,1027780.230000,8443,1523,6920
d1ecf309,d1ecf309,0,3004977.125000,1125936.125000,7864,1696,6168
d1ee630d,d1ee630d,0,2995761.420000,1111433.170000,7879,1589,6290
d217e0c5,d217e0c5,3,2993406.050000,1093501.480000,5713,1875,3838
d24ff243,d24ff243,0,2901878.575000,1023291.930000,7116,1475,5641
d273674e,d273674e,0,3012884.825000,1102140.820000,5738,1839,3899
d2f3b1ab,d2f3b1ab,1,2908296.100000,1029789.085000,7018,1437,5581
d3df146b,d3df146b,4,3027322.815000,1118642.270000,7252,1465,5787
d40f61d5,d40f61d5,1,2910790.525000,1038106.370000,5880,1841,4039
d41beaf2,d41beaf2,0,2933622.955000,1057024.410000,6592,1839,4753
d463e527,d463e527,0,3024666.660000,1111389.950000,6991,2224,4767
d4f60a28,d4f60a28,4,3022485.780000,1085358.010000,6435,1934,4501
d50c649a,d50c649a,2,3005125.325000,1107154.400000,6548,1675,4873
d543916f,d543916f,2,2992555.800000,1117405.700000,6281,1482,4799
d5df0ff5,d5df0ff5,3,3016680.145000,1116960.900000,5490,1458,4032
d60430e6,d60430e6,0,2993378.490000,1115818.425000,4176,1665,2511
d63196fe,d63196fe,1,2924787.750000,1021490.860000,5881,1371,4510
d6c320d9,d6c320d9,3,2909338.900000,1030806.215000,6946,1494,5452
d6dd7330,d6dd7330,4,3006375.775000,1100724.150000,7660,1467,6193
d7ba4f9d,d7ba4f9d,4,3007367.760000,1069839.000000,7771,1748,6023
d7eb0be8,d7eb0be8,3,3034439.150000,1090919.955000,7208,1807,5401
d84b621b,d84b621b,1,2903010.960000,1029492.660000,5746,1752,3994
d90aa14c,d90aa14c,1,2886883.160000,1037862.350000,12141,2123,10018
d924e971,d924e971,3,3006572.235000,1107290.455000,5308,2124,3184
d9ae59b2,d9ae59b2,3,3011915.515000,1121705.920000,5150,1502,3648
d9d6d94d,d9d6d94d,3,3020535.535000,1083922.515000,6660,1741,4919
d9eca87b,d9eca87b,0,2884748.385000,1025059.990000,7932,1559,6373
da2d4d7c,da2d4d7c,4,2999975.080000,1088333.750000,3567,1453,2114
da3bfe4e,da3bfe4e,4,2891232.900000,1022476.680000,7107,1558,5549
da3cf798,da3cf798,2,2933481.060000,1066959.140000,7591,1747,5844
da940160,da940160,0,3007076.110000,1119240.245000,6792,1660,5132
dafc88c3,dafc88c3,4,2900636.760000,1022072.200000,7187,1615,5572
dbee6c86,dbee6c86,3,3008234.955000,1078231.020000,9114,1745,7369
dc5fbe29,dc5fbe29,1,2924035.360000,1020894.810000,6555,1352,5203
dc7da28f,dc7da28f,2,2892937.910000,1025439.615000,6672,1898,4774
dc7f9757,dc7f9757,3,3003832.730000,1125493.170000,6203,1843,4360
dd168de0,dd168de0,0,2925495.850000,1061314.070000,5095,1791,3304
dd64382d,dd64382d,4,2952657.125000,1084799.950000,5058,1934,3124
dd6bc5b2,dd6bc5b2,4,2975802.740000,1094613.515000,5764,2162,3602
dd7d638e,dd7d638e,3,2912146.235000,1043931.060000,6046,1745,4301
ddc790ff,ddc790ff,0,3010511.825000,1119288.110000,6468,1742,4726
df71d1ff,df71d1ff,2,2886667.590000,1018235.560000,7879,1651,6228
df73b8f3,df73b8f3,0,3003709.480000,1069132.485000,7150,1839,5311
df8290be,df8290be,3,2908696.360000,1041247.910000,5675,1703,3972
e0079ed1,e0079ed1,3,2957505.890000,1083676.710000,5257,1786,3471
e03b45fd,e03b45fd,4,2948041.030000,1017546.390000,7083,1741,5342
e0f36d98,e0f36d98,4,2989132.040000,1098512.615000,6714,1738,4976
e149204f,e149204f,4,2887620.800000,1018938.970000,7549,1452,6097
e14d641e,e14d641e,0,2909486.260000,1041431.180000,4978,1794,3184
e161bd0c,e161bd0c,4,3004353.950000,1088533.330000,4813,1864,2949
e201fd6d,e201fd6d,0,3023854.885000,1096041.240000,6912,1842,5070
e25f1537,e25f1537,2,2941001.585000,1075189.235000,5018,1841,3177
e2fc7745,e2fc7745,4,3014068.560000,1116381.360000,5343,1651,3692
e32da4ec,e32da4ec,0,3011232.640000,1118428.840000,6148,1459,4689
e3b34f5b,e3b34f5b,4,2951798.970000,1077064.330000,7293,1838,5455
e45a2a62,e45a2a62,4,2904022.460000,1033277.870000,6697,1690,5007
e46f4ef4,e46f4ef4,0,3018104.115000,1091650.225000,8930,1735,7195
e4726608,e4726608,0,3011396.420000,1118155.040000,6268,1535,4733
e5864244,e5864244,0,3022327.400000,1085540.420000,6037,1568,4469
e5c92e59,e5c92e59,2,3019975.230000,1106765.150000,5927,1632,4295
e5ff9fd2,e5ff9fd2,3,2979113.525000,1058247.850000,4198,1844,2354
e6c55748,e6c55748,1,2908214.390000,1032549.770000,5959,1487,4472
e730c32b,e730c32b,3,3009931.100000,1113343.890000,6469,1741,4728
e737965a,e737965a,1,2897979.505000,1027884.550000,7694,1739,5955
e748dd88,e748dd88,2,3011118.565000,1102494.650000,6264,1452,4812
e7818f7a,e7818f7a,3,3012612.270000,1122204.090000,6829,1458,5371
e7c36e81,e7c36e81,4,2916991.800000,1047168.320000,5655,2124,3531
e7d0c1de,e7d0c1de,4,3006488.660000,1114090.090000,6455,1744,4711
e85074c5,e85074c5,3,2920302.535000,1043569.165000,7236,1561,5675
e97032ad,e97032ad,3,2916975.285000,1047152.860000,5654,2124,3530
e9949a23,e9949a23,3,2920745.880000,1016441.840000,6407,1848,4559
ea0b99b7,ea0b99b7,1,2993257.890000,1067654.120000,10939,1700,9239
ea3a0e38,ea3a0e38,0,2960820.895000,1076348.370000,11794,1742,10052
ea41324e,ea41324e,3,3003828.030000,1114040.700000,6839,1814,5025
eabc711b,eabc711b,2,2999138.735000,1098195.405000,7314,1966,5348
eac10e86,eac10e86,2,2891713.180000,1023213.270000,7501,1434,6067
eafb863e,eafb863e,0,2915599.940000,1041021.900000,5317,1749,3568
eb06a4e7,eb06a4e7,2,3006121.720000,1113220.200000,6379,1844,4535
eb640a35,eb640a35,3,2993672.750000,1118366.845000,7782,1745,6037
eb934281,eb934281,2,2986942.520000,1068123.040000,7812,1841,5971
eba6605e,eba6605e,3,2904547.530000,1018944.610000,5719,1309,4410
ebe69318,ebe69318,0,2902346.230000,1024301.335000,6718,1742,4976
ec0d597b,ec0d597b,3,2894152.690000,1026651.280000,6452,1836,4616
ec13af42,ec13af42,4,3009311.165000,1089025.095000,7362,1900,5462
ecdab904,ecdab904,2,2980457.055000,1055288.310000,8176,2029,6147
ecdaf714,ecdaf714,1,2920943.705000,1057822.145000,8240,1648,6592
ed6436d6,ed6436d6,2,3001128.750000,1087681.400000,5027,2082,2945
ed6e6e54,ed6e6e54,1,3006653.700000,1100977.660000,7385,1337,6048
edf885a3,edf885a3,0,3007881.180000,1084960.090000,4863,1746,3117
ee0300f7,ee0300f7,4,3017735.140000,1089982.380000,6161,1617,4544
ee288beb,ee288beb,0,2995599.120000,1124906.980000,6190,1552,4638
ee4aecac,ee4aecac,2,2973132.535000,1063669.415000,6596,1331,5265
eeda36f5,eeda36f5,1,2947021.150000,1012326.105000,6198,1401,4797
eeed308d,eeed308d,4,2909105.770000,1033130.350000,5503,1604,3899
ef04658e,ef04658e,4,2939677.315000,1066354.575000,5664,1560,4104
ef8e3ed0,ef8e3ed0,0,2987745.710000,1068581.390000,6637,1413,5224
efde6ac3,efde6ac3,3,2995350.310000,1119679.200000,6220,1661,4559
efe96181,efe96181,4,2940645.480000,1063127.130000,5464,1452,4012
f0188a48,f0188a48,3,2982508.260000,1082485.700000,6139,1969,4170
f021b650,f021b650,3,2986005.260000,1053432.880000,5610,1871,3739
f03f10fe,f03f10fe,0,2911055.260000,1038329.080000,5823,1678,4145
f053a1b9,f053a1b9,1,3010458.200000,1095372.325000,5952,1844,4108
f074d277,f074d277,0,3021249.360000,1107368.380000,3868,1415,2453
f07d7037,f07d7037,4,2986729.130000,1068134.640000,7688,2125,5563
f08774c3,f08774c3,2,2919023.580000,1015176.240000,5645,1745,3900
f140c2fa,f140c2fa,3,2920739.375000,1015319.630000,6024,1942,4082
f16e25e3,f16e25e3,1,2989647.620000,1122801.920000,6585,1934,4651
f2d4c8c9,f2d4c8c9,4,2883494.225000,1024107.865000,7908,1659,6249
f321a31c,f321a31c,2,3006759.830000,1069729.010000,6555,1414,5141
f40cd091,f40cd091,1,2998892.280000,1104440.930000,6776,1610,5166
f439a621,f439a621,4,2927289.340000,1057020.870000,4695,1874,2821
f49fdea3,f49fdea3,1,2989963.800000,1059886.340000,7027,1636,5391
f4d12d23,f4d12d23,2,2916511.855000,1041732.220000,5448,1747,3701
f56d3ace,f56d3ace,4,3003253.430000,1113993.130000,7383,1951,5432
f5859199,f5859199,4,2987350.675000,1055037.005000,7438,1648,5790
f5d8aab6,f5d8aab6,2,3006723.765000,1131853.385000,6576,2132,4444
f631da6e,f631da6e,1,2983857.715000,1109692.650000,5604,1511,4093
f6824bb0,f6824bb0,2,2905537.505000,1039566.180000,6864,1849,5015
f6bc699b,f6bc699b,0,2953351.260000,1073492.330000,5501,1749,3752
f6d009f4,f6d009f4,1,3007619.660000,1138393.940000,8003,1288,6715
f72b268f,f72b268f,1,3004292.890000,1132756.640000,7918,1514,6404
f8662c22,f8662c22,1,2973628.940000,1064162.200000,6957,1528,5429
f88ddb26,f88ddb26,2,2985639.200000,1062058.740000,6585,1595,4990
f8afa78a,f8afa78a,0,2888539.060000,1019776.420000,7367,1335,6032
f8f59188,f8f59188,2,3006448.365000,1125023.660000,6740,1933,4807
f9fc81aa,f9fc81aa,2,2907764.020000,1029348.090000,7113,1515,5598
fa16d114,fa16d114,4,2890544.600000,1021606.335000,6928,1242,5686
fa31da94,fa31da94,1,3015134.370000,1112035.510000,6681,1654,5027
fa667be2,fa667be2,1,3008751.070000,1078635.010000,8798,1502,7296
fae0c593,fae0c593,1,2993957.030000,1124095.530000,6147,1744,4403
fb03ae90,fb03ae90,1,2887512.650000,1010775.890000,8129,1698,6431
fb0904bd,fb0904bd,1,2959641.080000,1084820.460000,5087,1906,3181
fb3848a1,fb3848a1,0,2898588.240000,1028270.990000,7859,1940,5919
fb73b13a,fb73b13a,4,3007319.270000,1138458.420000,7465,1825,5640
fba7683c,fba7683c,1,3006292.430000,1098131.060000,2058,1651,407
fbd68d27,fbd68d27,3,2910119.060000,1036228.370000,8552,1723,6829
fc03f21f,fc03f21f,0,3002897.425000,1106308.420000,6202,1399,4803
fc0d20b2,fc0d20b2,2,2932982.615000,1068088.600000,5308,1354,3954
fcfcc902,fcfcc902,2,2984003.470000,1091611.740000,4665,1874,2791
fd3b4faa,fd3b4faa,0,3006930.485000,1125137.840000,6956,1934,5022
fd710aea,fd710aea,0,3008924.840000,1094805.495000,5960,1743,4217
fd8f77fa,fd8f77fa,4,3004190.755000,1114208.160000,6756,1484,5272
fde20ecf,fde20ecf,4,3023369.340000,1118216.160000,6386,1719,4667
fdfd57da,fdfd57da,3,3001901.550000,1113324.740000,7364,2128,5236
febb4411,febb4411,1,3022787.890000,1085818.410000,6275,2028,4247
fef8af96,fef8af96,2,2931917.475000,1055381.945000,5068,1242,3826
ff0aea78,ff0aea78,1,2983823.480000,1071038.590000,4976,1715,3261
ff8bb73a,ff8bb73a,2,2938074.820000,1061624.890000,7670,1743,5927
ffefef30,ffefef30,4,2945418.620000,1012393.490000,6421,1851,4570
